name,created_at,total_pulls,total_releases,updated_at,language,closed_issues_ratio
freeCodeCamp,2014-12-24T17:49:19Z,22858,0,2024-08-25T20:49:31Z,TypeScript,0.99
free-programming-books,2013-10-11T06:50:37Z,6485,0,2024-08-25T20:37:39Z,,0.98
awesome,2014-07-11T13:42:37Z,651,0,2024-08-25T20:57:17Z,,0.96
public-apis,2016-03-20T23:49:42Z,1872,0,2024-08-25T21:04:24Z,Python,0.98
coding-interview-university,2016-06-06T02:34:12Z,411,0,2024-08-25T20:52:34Z,,0.9
build-your-own-x,2018-05-09T12:03:18Z,139,0,2024-08-25T21:06:00Z,,0.73
developer-roadmap,2017-03-15T13:45:52Z,2623,1,2024-08-25T21:05:01Z,TypeScript,0.98
996.ICU,2019-03-26T07:31:14Z,1066,0,2024-08-25T17:43:06Z,,0
system-design-primer,2017-02-26T16:15:28Z,198,0,2024-08-25T20:58:43Z,Python,0.28
react,2013-05-24T16:15:54Z,10694,101,2024-08-25T20:22:29Z,JavaScript,0.95
awesome-python,2014-06-27T21:00:06Z,543,0,2024-08-25T20:51:49Z,Python,0
vue,2013-07-29T03:24:51Z,1135,249,2024-08-25T19:42:43Z,TypeScript,0.96
project-based-learning,2017-04-12T05:07:46Z,182,0,2024-08-25T20:53:50Z,,0.43
awesome-selfhosted,2015-06-01T02:33:17Z,2392,1,2024-08-25T20:40:26Z,,1.0
javascript-algorithms,2018-03-24T07:47:04Z,299,0,2024-08-25T18:35:35Z,JavaScript,0.64
tensorflow,2015-11-07T01:19:20Z,22460,208,2024-08-25T20:32:01Z,C++,0.96
Python,2016-07-16T09:44:01Z,2798,0,2024-08-25T20:55:31Z,Python,0.98
You-Dont-Know-JS,2013-11-16T02:37:24Z,367,0,2024-08-25T20:55:15Z,,0.91
linux,2011-09-04T22:48:12Z,10,0,2024-08-25T20:55:46Z,C,0
CS-Notes,2018-02-13T14:56:24Z,374,0,2024-08-25T16:11:42Z,,0.77
ohmyzsh,2009-08-28T18:15:37Z,3189,0,2024-08-25T20:44:03Z,Shell,0.97
bootstrap,2011-07-29T21:19:00Z,8779,89,2024-08-25T21:02:13Z,JavaScript,0.98
computer-science,2014-05-04T00:18:39Z,267,0,2024-08-25T20:33:59Z,,0.97
AutoGPT,2023-03-16T09:21:07Z,1867,21,2024-08-25T19:52:19Z,Python,0.94
flutter,2015-03-06T22:54:58Z,38659,7,2024-08-25T21:04:46Z,Dart,0.87
vscode,2015-09-03T20:23:38Z,26848,139,2024-08-25T20:58:58Z,TypeScript,0.95
gitignore,2010-11-08T20:17:14Z,1546,0,2024-08-25T19:25:37Z,,0
Python-100-Days,2018-03-01T16:05:52Z,13,0,2024-08-25T16:50:00Z,Python,0.17
the-art-of-command-line,2015-05-20T15:11:03Z,317,0,2024-08-25T20:44:21Z,,0.53
JavaGuide,2018-05-07T13:27:00Z,1044,0,2024-08-25T18:40:01Z,Java,0.94
javascript,2012-11-01T23:13:50Z,804,0,2024-08-25T20:20:04Z,JavaScript,0.93
the-book-of-secret-knowledge,2018-06-23T10:43:14Z,122,0,2024-08-25T21:02:29Z,,0
stable-diffusion-webui,2022-08-22T14:05:26Z,1829,26,2024-08-25T20:42:50Z,Python,0.71
transformers,2018-10-29T13:56:00Z,13178,164,2024-08-25T20:52:51Z,Python,0.94
youtube-dl,2010-10-31T14:35:07Z,1636,341,2024-08-25T20:49:09Z,Python,0.86
awesome-go,2014-07-06T13:42:15Z,3230,0,2024-08-25T21:02:01Z,Go,1.0
fucking-algorithm,2020-02-19T09:01:23Z,233,1,2024-08-25T20:40:45Z,Markdown,0.55
next.js,2016-10-05T23:32:51Z,17981,1000,2024-08-25T20:11:36Z,JavaScript,0.86
go,2014-08-19T04:33:40Z,1,0,2024-08-25T20:03:52Z,Go,0.86
30-seconds-of-code,2017-11-29T17:35:03Z,817,10,2024-08-25T21:04:41Z,JavaScript,1.0
react-native,2015-01-09T18:10:16Z,848,336,2024-08-25T20:21:13Z,C++,0.98
tech-interview-handbook,2016-07-05T05:00:48Z,459,0,2024-08-25T21:05:03Z,TypeScript,0.67
electron,2013-04-12T01:47:36Z,20095,1000,2024-08-25T17:09:44Z,C++,0.96
free-programming-books-zh_CN,2013-11-04T01:59:19Z,282,3,2024-08-25T16:32:10Z,,0
kubernetes,2014-06-06T22:56:04Z,59178,690,2024-08-25T20:53:37Z,Go,0.96
awesome-chatgpt-prompts,2022-12-05T13:54:13Z,117,0,2024-08-25T19:49:57Z,HTML,0
d3,2010-09-27T17:22:42Z,485,194,2024-08-25T19:08:05Z,Shell,1.0
PowerToys,2019-05-01T17:44:02Z,4774,101,2024-08-25T21:06:18Z,C#,0.8
scrcpy,2017-11-21T18:00:27Z,85,39,2024-08-25T20:36:41Z,C,0.59
node,2014-11-26T19:57:11Z,8622,404,2024-08-25T20:57:02Z,JavaScript,0.91
axios,2014-08-18T22:30:27Z,865,82,2024-08-25T21:05:45Z,JavaScript,0.87
create-react-app,2016-07-17T14:55:11Z,1944,83,2024-08-25T19:31:38Z,JavaScript,0.79
three.js,2010-03-23T18:58:01Z,12854,159,2024-08-25T20:08:54Z,JavaScript,0.97
TypeScript,2014-06-17T15:28:39Z,14307,199,2024-08-25T20:36:07Z,TypeScript,0.87
nodebestpractices,2017-09-15T08:33:19Z,765,0,2024-08-25T18:40:35Z,Dockerfile,0.88
GitHub-Chinese-Top-Charts,2019-09-05T03:01:56Z,0,0,2024-08-25T20:17:17Z,Java,0.47
rust,2010-06-16T20:39:03Z,57231,128,2024-08-25T20:59:06Z,Rust,0.82
angular,2014-09-18T16:12:01Z,3609,354,2024-08-25T18:08:01Z,TypeScript,0.95
terminal,2017-08-11T18:38:22Z,3874,117,2024-08-25T20:38:52Z,C++,0.88
hello-algo,2022-11-04T11:08:34Z,839,8,2024-08-25T17:57:40Z,Java,0.96
deno,2018-05-15T01:34:26Z,11163,290,2024-08-25T20:40:34Z,Rust,0.82
material-ui,2014-08-18T19:11:54Z,18803,488,2024-08-25T18:30:43Z,TypeScript,0.91
Microsoft-Activation-Scripts,2020-01-12T23:03:34Z,5,15,2024-08-25T21:02:07Z,Batchfile,0.99
ant-design,2015-04-24T15:37:24Z,14133,664,2024-08-25T20:19:42Z,TypeScript,0.96
langchain,2022-10-17T02:58:36Z,11346,539,2024-08-25T20:20:03Z,Jupyter Notebook,0.92
clean-code-javascript,2016-11-25T22:25:41Z,149,0,2024-08-25T20:46:08Z,JavaScript,0.56
HelloGitHub,2016-05-04T06:24:11Z,17,45,2024-08-25T21:02:03Z,Python,0.95
java-design-patterns,2014-08-09T16:45:18Z,1385,0,2024-08-25T18:31:43Z,Java,0.85
godot,2014-01-04T16:05:36Z,33626,57,2024-08-25T20:51:44Z,C++,0.8
puppeteer,2017-05-09T22:16:13Z,4792,428,2024-08-25T20:38:30Z,TypeScript,0.96
vue-element-admin,2017-04-17T03:35:49Z,311,49,2024-08-25T10:24:53Z,Vue,0.66
free-for-dev,2015-03-18T21:06:26Z,2537,0,2024-08-25T20:18:44Z,HTML,0
ollama,2023-06-26T19:39:32Z,1508,87,2024-08-25T20:57:54Z,Go,0.75
papers-we-love,2013-12-15T14:31:41Z,429,0,2024-08-25T21:02:53Z,Shell,0.92
thefuck,2015-04-08T15:08:04Z,482,17,2024-08-25T19:31:22Z,Python,0.65
storybook,2016-03-18T04:23:44Z,10175,1000,2024-08-25T16:30:52Z,TypeScript,0.85
iptv,2018-11-14T22:00:57Z,6314,0,2024-08-25T20:54:02Z,JavaScript,1.0
frp,2015-12-21T15:24:59Z,626,99,2024-08-25T20:22:15Z,Go,0.98
Web-Dev-For-Beginners,2020-11-10T02:44:00Z,478,0,2024-08-25T19:19:44Z,JavaScript,0.82
Awesome-Hacking,2016-03-30T15:47:10Z,33,0,2024-08-25T21:03:30Z,,0
every-programmer-should-know,2017-08-24T13:18:26Z,99,0,2024-08-25T20:36:18Z,,0.41
pytorch,2016-08-13T05:26:41Z,5836,54,2024-08-25T20:52:51Z,Python,0.69
tailwindcss,2017-10-06T14:59:14Z,2177,228,2024-08-25T19:25:47Z,TypeScript,0.99
tauri,2019-07-13T09:09:37Z,4283,1000,2024-08-25T20:52:51Z,Rust,0.79
neovim,2014-01-31T13:39:22Z,13416,38,2024-08-25T20:46:57Z,Vim Script,0.87
yt-dlp,2020-10-26T04:22:55Z,2208,91,2024-08-25T20:54:29Z,Python,0.82
animate.css,2011-10-12T10:07:38Z,315,22,2024-08-25T19:30:29Z,CSS,0.97
realworld,2016-02-26T20:49:53Z,429,0,2024-08-25T20:17:17Z,TypeScript,0.93
excalidraw,2020-01-02T01:04:43Z,3415,13,2024-08-25T20:32:21Z,TypeScript,0.57
django,2012-04-28T02:47:18Z,9117,0,2024-08-25T19:58:17Z,Python,0
nvm,2010-04-15T17:47:47Z,708,67,2024-08-25T20:27:15Z,Shell,0.87
app-ideas,2019-02-25T18:36:56Z,149,0,2024-08-25T20:35:35Z,,0.3
svelte,2016-11-20T18:13:05Z,4637,262,2024-08-25T20:08:15Z,JavaScript,0.89
laravel,2011-06-08T03:06:08Z,1578,170,2024-08-25T19:48:59Z,PHP,0
bitcoin,2010-12-19T15:16:43Z,14355,51,2024-08-25T20:00:08Z,C++,0.96
opencv,2012-07-19T09:40:17Z,12293,63,2024-08-25T17:42:53Z,C++,0.77
gin,2014-06-16T23:57:25Z,1026,26,2024-08-25T18:11:34Z,Go,0.73
mall,2018-04-04T01:11:44Z,1,3,2024-08-25T18:29:09Z,Java,0.96
models,2016-02-05T01:15:20Z,2327,46,2024-08-25T12:32:29Z,Python,0.85
FiraCode,2014-11-11T19:32:38Z,132,29,2024-08-25T20:56:49Z,Clojure,0.71
advanced-java,2018-10-06T11:38:30Z,86,1,2024-08-25T16:47:38Z,Java,0.97
LeetCodeAnimation,2018-12-06T08:01:22Z,63,0,2024-08-25T19:17:36Z,Java,0.71
fastapi,2018-12-08T08:21:47Z,2076,185,2024-08-25T19:53:02Z,Python,0.99
hugo,2013-07-04T15:26:26Z,2543,284,2024-08-25T17:18:30Z,Go,0.94
ChatGPT-Next-Web,2023-03-10T18:27:54Z,704,66,2024-08-25T18:57:13Z,TypeScript,0.87
awesome-mac,2016-07-17T15:33:47Z,868,9,2024-08-25T20:55:57Z,JavaScript,0.73
spring-boot,2012-10-19T15:02:57Z,42,283,2024-08-25T16:20:57Z,Java,0.98
Font-Awesome,2012-02-17T14:19:43Z,205,56,2024-08-25T17:19:27Z,JavaScript,0.79
bun,2021-04-14T00:48:17Z,3618,156,2024-08-25T21:02:04Z,Zig,0.59
json-server,2013-11-27T13:21:13Z,120,37,2024-08-25T18:08:59Z,JavaScript,0.47
awesome-vue,2015-10-20T00:16:14Z,3516,0,2024-08-25T19:06:35Z,,0.85
rustdesk,2020-09-28T15:36:08Z,3000,20,2024-08-25T20:49:54Z,Rust,0.98
supabase,2019-10-12T05:56:49Z,9487,15,2024-08-25T20:34:43Z,TypeScript,0.94
core,2013-09-17T07:29:48Z,62271,1000,2024-08-25T20:45:14Z,Python,0.96
netdata,2013-06-17T18:39:10Z,8949,90,2024-08-25T20:01:36Z,C,0.98
mermaid,2014-11-01T23:52:32Z,2125,127,2024-08-25T21:03:30Z,JavaScript,0.67
awesome-interview-questions,2015-11-28T09:48:17Z,176,0,2024-08-25T19:11:29Z,,0.56
elasticsearch,2010-02-08T13:20:56Z,65888,153,2024-08-25T20:44:23Z,Java,0.89
ML-For-Beginners,2021-03-03T01:34:05Z,365,0,2024-08-25T20:59:31Z,HTML,0.98
gpt4all,2023-03-27T18:49:32Z,730,23,2024-08-25T19:52:25Z,C++,0.71
moby,2013-01-18T18:10:57Z,19962,188,2024-08-25T20:46:14Z,Go,0.86
Front-End-Checklist,2017-10-16T10:12:36Z,176,1,2024-08-25T19:18:12Z,,0.89
node,2023-02-01T13:55:02Z,113,34,2024-08-25T20:10:37Z,Shell,0.9
github-readme-stats,2020-07-09T10:34:22Z,1135,0,2024-08-25T20:55:43Z,JavaScript,0.9
reveal.js,2011-06-07T18:54:22Z,402,47,2024-08-25T18:03:14Z,JavaScript,0.69
flask,2010-04-06T11:11:59Z,1570,34,2024-08-25T19:53:07Z,Python,1.0
code-server,2019-02-27T16:50:41Z,1471,161,2024-08-25T20:26:59Z,TypeScript,0.97
stable-diffusion,2022-08-10T14:36:44Z,5,0,2024-08-25T20:29:00Z,Jupyter Notebook,0.27
funNLP,2018-08-21T11:20:39Z,14,0,2024-08-25T19:56:01Z,Python,0.18
swift,2015-10-23T21:15:07Z,49920,53,2024-08-25T15:40:10Z,C++,0.57
awesome-for-beginners,2015-10-24T19:53:36Z,335,0,2024-08-25T20:28:01Z,,0.78
ui,2023-01-04T12:43:27Z,346,16,2024-08-25T20:08:24Z,TypeScript,0.86
vite,2020-04-21T05:03:57Z,4492,461,2024-08-25T17:58:57Z,TypeScript,0.94
whisper,2022-09-16T20:02:54Z,95,10,2024-08-25T18:58:57Z,Python,0
nest,2017-02-04T20:12:52Z,6351,97,2024-08-25T20:32:42Z,TypeScript,0.99
cs-video-courses,2016-10-21T17:02:11Z,150,0,2024-08-25T21:06:32Z,,0.98
v2rayN,2019-07-30T03:47:24Z,139,185,2024-08-25T20:49:42Z,C#,0.99
HowToCook,2020-02-29T10:43:49Z,503,3,2024-08-25T17:54:14Z,Dockerfile,0.44
redis,2009-03-21T22:32:25Z,3807,69,2024-08-25T19:11:54Z,C,0.69
devops-exercises,2019-10-03T17:31:21Z,274,0,2024-08-25T21:02:58Z,Python,0.67
protobuf,2014-08-26T15:52:15Z,5757,164,2024-08-25T19:00:37Z,C++,0.96
playwright,2019-11-15T18:32:42Z,12953,131,2024-08-25T20:10:53Z,TypeScript,0.96
awesome-machine-learning,2014-07-15T19:11:19Z,836,0,2024-08-25T21:05:17Z,Python,0.99
express,2009-06-26T18:56:01Z,327,153,2024-08-25T20:49:06Z,JavaScript,0.97
webpack,2012-03-10T10:08:14Z,4713,415,2024-08-25T09:33:29Z,JavaScript,0.99
Chart.js,2013-03-17T23:56:36Z,2956,110,2024-08-25T18:57:31Z,JavaScript,0.95
awesome-react,2014-08-06T05:31:44Z,777,0,2024-08-25T21:02:47Z,,0.97
llama.cpp,2023-03-10T18:58:00Z,3102,1000,2024-08-25T20:12:01Z,C++,0.91
grafana,2013-12-11T15:59:56Z,45477,442,2024-08-25T18:28:09Z,TypeScript,0.89
hoppscotch,2019-08-21T13:15:24Z,1499,47,2024-08-25T19:54:28Z,TypeScript,0.76
gpt_academic,2023-03-20T09:05:13Z,192,30,2024-08-25T16:21:23Z,Python,0.8
fzf,2013-10-23T16:04:23Z,505,49,2024-08-25T20:52:50Z,Go,0.91
syncthing,2013-11-26T09:48:21Z,2525,378,2024-08-25T17:07:09Z,Go,0.94
interviews,2017-02-14T18:19:25Z,42,0,2024-08-25T20:32:20Z,Java,0.43
33-js-concepts,2018-09-04T13:27:04Z,238,0,2024-08-25T19:20:22Z,JavaScript,0.92
sway,2021-01-19T20:54:33Z,3034,145,2024-08-25T18:10:19Z,Rust,0.74
strapi,2015-09-30T15:34:48Z,8231,385,2024-08-25T20:45:17Z,TypeScript,0.93
system-design-101,2023-09-18T20:52:03Z,21,0,2024-08-25T19:23:46Z,,0.33
ansible,2012-03-06T14:58:02Z,38246,99,2024-08-25T19:57:00Z,Python,0.98
javascript-questions,2019-06-12T08:26:27Z,328,0,2024-08-25T20:37:45Z,,0.96
the-algorithm,2023-03-27T14:57:57Z,2,0,2024-08-25T20:34:55Z,Scala,0.72
cpython,2017-02-10T19:23:51Z,44420,0,2024-08-25T20:51:52Z,Python,0.9
resume.github.com,2011-02-06T13:39:55Z,84,0,2024-08-25T20:54:51Z,JavaScript,0.54
manim,2015-03-22T18:50:58Z,574,10,2024-08-25T16:51:58Z,Python,0.64
keras,2015-03-28T00:35:42Z,3582,70,2024-08-25T18:18:41Z,Python,0.98
superset,2015-07-21T18:55:34Z,13035,205,2024-08-25T20:06:35Z,TypeScript,0.94
Ventoy,2020-03-10T15:19:19Z,279,97,2024-08-25T20:49:48Z,C,0.69
generative-ai-for-beginners,2023-06-19T16:28:59Z,249,0,2024-08-25T20:53:29Z,Jupyter Notebook,0.92
socket.io,2010-03-11T18:24:48Z,429,63,2024-08-25T19:18:25Z,TypeScript,0.95
redux,2015-05-29T23:53:15Z,1685,78,2024-08-25T03:21:49Z,TypeScript,0.98
d2l-zh,2017-08-23T04:40:24Z,1020,16,2024-08-25T16:50:10Z,Python,0
Best-websites-a-programmer-should-visit,2017-03-05T20:25:17Z,413,0,2024-08-25T17:41:58Z,,0.63
tesseract,2014-08-12T18:04:59Z,1379,32,2024-08-25T18:54:13Z,C++,0.85
nocode,2018-02-06T23:54:00Z,1,1,2024-08-25T16:17:51Z,Dockerfile,0.14
atom,2012-01-20T18:18:21Z,3937,538,2024-08-25T19:30:41Z,JavaScript,0.94
echarts,2013-04-03T03:18:59Z,1309,116,2024-08-25T20:48:34Z,TypeScript,0.89
awesome-public-datasets,2014-11-20T06:20:50Z,188,1,2024-08-25T20:06:26Z,,0.42
gpt4free,2023-03-29T17:00:43Z,554,144,2024-08-25T20:40:44Z,Python,0.98
markdown-here,2012-05-13T03:27:22Z,20,11,2024-08-25T02:04:42Z,JavaScript,0.41
architect-awesome,2018-04-06T13:30:58Z,49,0,2024-08-25T06:52:18Z,,0.31
lodash,2012-04-07T04:11:46Z,580,2,2024-08-25T18:28:35Z,JavaScript,0.99
Front-end-Developer-Interview-Questions,2012-02-09T23:34:10Z,484,0,2024-08-25T18:12:22Z,Nunjucks,0.81
PayloadsAllTheThings,2016-10-18T07:29:07Z,518,3,2024-08-25T19:45:56Z,Python,0
scikit-learn,2010-08-17T09:43:38Z,12312,42,2024-08-25T17:41:17Z,Python,0.86
jquery,2009-04-03T15:20:14Z,747,10,2024-08-25T20:08:03Z,JavaScript,0.97
imgui,2014-07-21T14:29:47Z,361,100,2024-08-25T20:00:12Z,C++,0.85
angular.js,2010-01-06T00:34:37Z,790,0,2024-08-25T09:03:13Z,JavaScript,0.96
obs-studio,2013-10-01T02:40:31Z,4791,208,2024-08-25T18:37:50Z,C,0.87
openai-cookbook,2022-03-11T02:08:53Z,568,0,2024-08-25T20:21:30Z,MDX,0.93
shadowsocks-windows,2013-01-14T07:54:16Z,278,55,2024-08-25T20:39:54Z,C#,0.94
awesome-cpp,2014-07-17T08:51:11Z,708,0,2024-08-25T20:17:47Z,,0.4
fuel-core,2020-08-27T21:12:14Z,1062,94,2024-08-25T16:32:11Z,Rust,0.8
Java,2016-07-16T10:21:02Z,1417,0,2024-08-25T20:21:35Z,Java,1.0
design-resources-for-developers,2020-05-06T14:40:35Z,908,0,2024-08-25T20:15:44Z,,1.0
tabby,2016-12-23T09:06:10Z,1458,187,2024-08-25T20:40:14Z,TypeScript,0.62
awesome-scalability,2017-12-27T03:46:40Z,33,0,2024-08-25T20:01:55Z,,0
awesome-nodejs,2014-07-11T13:35:34Z,410,0,2024-08-25T17:43:50Z,,0.98
Apollo-11,2014-04-03T15:45:02Z,327,0,2024-08-25T16:57:45Z,Assembly,0.84
caddy,2015-01-13T19:45:03Z,1939,119,2024-08-25T19:26:06Z,Go,0.97
SecLists,2012-02-19T01:30:18Z,605,25,2024-08-25T20:46:20Z,PHP,0.92
html5-boilerplate,2010-01-24T18:03:24Z,764,34,2024-08-25T19:37:34Z,JavaScript,1.0
awesome-courses,2014-11-15T18:36:49Z,194,0,2024-08-25T19:33:44Z,,0.51
spring-framework,2010-12-08T04:04:45Z,839,310,2024-08-25T19:58:17Z,Java,0.99
screenshot-to-code,2023-11-14T17:53:32Z,42,0,2024-08-25T20:41:08Z,Python,0.83
rails,2008-04-11T02:19:47Z,23727,126,2024-08-25T20:27:15Z,Ruby,0.97
alacritty,2016-02-18T05:02:30Z,1789,93,2024-08-25T20:19:25Z,Rust,0.94
llama,2023-02-14T09:29:12Z,54,0,2024-08-25T19:26:03Z,Python,0.65
gatsby,2015-05-21T22:43:05Z,18095,134,2024-08-25T20:49:06Z,JavaScript,0.99
docusaurus,2017-06-20T16:13:53Z,5161,144,2024-08-25T19:38:55Z,TypeScript,0.91
cs-self-learning,2021-10-20T13:43:42Z,245,4,2024-08-25T16:59:12Z,HTML,0.49
uptime-kuma,2021-07-03T01:02:42Z,1123,104,2024-08-25T20:59:47Z,JavaScript,0.83
prometheus,2012-11-24T11:14:12Z,6360,309,2024-08-25T19:56:20Z,Go,0.88
leetcode,2018-03-30T09:13:51Z,257,40,2024-08-25T16:59:41Z,JavaScript,0.97
DeepLearning-500-questions,2018-06-27T06:36:45Z,302,0,2024-08-25T15:17:11Z,JavaScript,0.43
element,2016-09-03T06:19:26Z,3231,145,2024-08-24T13:47:47Z,Vue,0.86
new-pac,2016-03-23T08:43:36Z,0,0,2024-08-25T19:40:34Z,,0.76
nuxt,2016-10-26T11:18:47Z,5248,224,2024-08-25T19:51:19Z,TypeScript,0.95
sherlock,2018-12-24T14:30:48Z,609,1,2024-08-25T20:58:31Z,Python,0.91
localstack,2016-10-25T23:48:03Z,5192,77,2024-08-25T20:38:48Z,Python,0.95
act,2019-01-02T19:53:43Z,938,73,2024-08-25T20:45:24Z,Go,0.84
nerd-fonts,2014-12-05T04:31:17Z,485,36,2024-08-25T19:44:48Z,CSS,0.98
private-gpt,2023-05-02T09:15:31Z,218,10,2024-08-25T19:50:42Z,Python,0.82
annotated_deep_learning_paper_implementations,2020-08-25T02:29:34Z,102,0,2024-08-25T17:17:48Z,Python,0.79
awesome-flutter,2017-05-07T11:45:27Z,441,0,2024-08-25T20:08:30Z,Dart,0
react-router,2014-05-16T22:22:51Z,2314,277,2024-08-25T19:08:01Z,TypeScript,0.99
face_recognition,2017-03-03T21:52:39Z,94,2,2024-08-25T20:16:19Z,Python,0.44
normalize.css,2011-05-04T10:20:25Z,56,0,2024-08-25T20:04:08Z,CSS,0.91
rustlings,2015-09-15T02:25:18Z,889,43,2024-08-25T20:05:54Z,Rust,0.97
scrapy,2010-02-22T02:01:14Z,2167,38,2024-08-25T20:42:34Z,Python,0.85
ChatGPT,2022-12-07T09:43:02Z,122,34,2024-08-25T20:46:46Z,Rust,0.33
awesome-chatgpt-prompts-zh,2022-12-12T01:55:03Z,33,0,2024-08-25T19:36:08Z,,0.9
Real-Time-Voice-Cloning,2019-05-26T08:56:15Z,48,0,2024-08-25T19:57:32Z,Python,0.82
requests,2011-02-13T18:38:17Z,1553,12,2024-08-25T21:00:33Z,Python,0.96
gpt-engineer,2023-04-29T12:52:15Z,342,20,2024-08-25T20:37:08Z,Python,0.98
open-interpreter,2023-07-14T07:10:44Z,330,40,2024-08-25T20:51:02Z,Python,0.81
git,2008-07-23T14:21:26Z,3,0,2024-08-25T21:01:40Z,C,0
AppFlowy,2021-06-16T12:56:48Z,2835,81,2024-08-25T20:42:41Z,Dart,0.69
Semantic-UI,2013-04-08T23:32:04Z,356,154,2024-08-25T06:16:48Z,JavaScript,0.85
ionic-framework,2013-08-20T23:06:02Z,5861,878,2024-08-25T17:42:52Z,TypeScript,0.98
material-design-icons,2014-10-08T18:01:28Z,47,16,2024-08-25T18:34:57Z,,0.78
faceswap,2017-12-19T09:44:13Z,357,4,2024-08-25T20:28:45Z,Python,0.98
tldr,2013-12-08T07:34:43Z,10907,5,2024-08-25T20:59:33Z,Markdown,0.88
ghidra,2019-03-01T03:27:48Z,445,38,2024-08-25T20:50:18Z,Java,0.71
awesome-android-ui,2014-12-24T01:45:03Z,90,0,2024-08-25T19:12:38Z,,0.88
leetcode-master,2019-12-14T12:05:42Z,2153,0,2024-08-25T19:11:02Z,Shell,0.26
guava,2014-05-29T16:23:17Z,641,46,2024-08-25T20:10:15Z,Java,0.82
you-get,2012-08-20T15:53:36Z,580,122,2024-08-25T17:27:32Z,Python,0
lazygit,2018-05-19T00:53:06Z,1367,152,2024-08-25T21:01:38Z,Go,0.66
traefik,2015-09-13T19:04:02Z,4223,428,2024-08-25T19:25:47Z,Go,0.9
anime,2016-03-13T21:37:45Z,72,15,2024-08-25T11:50:58Z,JavaScript,0.71
grok-1,2024-03-17T08:53:38Z,5,0,2024-08-25T21:07:40Z,Python,0.67
yolov5,2020-05-18T03:45:11Z,2133,10,2024-08-25T20:42:19Z,Python,0.99
drawio-desktop,2017-05-25T20:58:42Z,20,141,2024-08-25T13:48:04Z,JavaScript,0.93
bulma,2016-01-23T23:48:34Z,630,20,2024-08-25T10:17:09Z,CSS,0.89
openpilot,2016-11-24T01:33:30Z,10069,55,2024-08-25T19:24:29Z,Python,0.95
prettier,2016-11-29T17:13:37Z,8160,117,2024-08-25T17:41:10Z,JavaScript,0.83
jekyll,2008-10-20T06:29:03Z,3134,109,2024-08-25T18:58:55Z,Ruby,0.98
rich,2019-11-10T15:28:09Z,774,161,2024-08-25T20:53:59Z,Python,0.86
kotlin,2012-02-13T17:29:58Z,2058,235,2024-08-25T17:49:37Z,Kotlin,0
bat,2018-04-21T10:52:23Z,1313,40,2024-08-25T19:43:23Z,Rust,0.8
pi-hole,2014-06-08T15:02:55Z,1878,106,2024-08-25T20:03:49Z,Shell,0.99
ComfyUI,2023-01-17T03:15:56Z,463,12,2024-08-25T20:55:56Z,Python,0.44
mkcert,2018-06-25T05:33:03Z,53,14,2024-08-25T19:36:22Z,Go,0.71
DefinitelyTyped,2012-10-05T16:39:45Z,49856,1,2024-08-25T16:05:04Z,TypeScript,0.93
project-layout,2017-09-09T16:33:26Z,85,0,2024-08-25T20:32:03Z,Makefile,0.41
moment,2011-03-01T02:46:06Z,714,0,2024-08-25T18:44:59Z,JavaScript,0.95
RxJava,2013-01-08T20:11:48Z,3242,234,2024-08-25T20:43:38Z,Java,1.0
chinese-poetry,2016-09-02T03:32:25Z,135,1,2024-08-25T14:28:53Z,JavaScript,0.45
pdf.js,2011-04-26T06:32:03Z,7378,64,2024-08-25T17:45:00Z,JavaScript,0.96
hacker-scripts,2015-11-21T19:05:09Z,63,0,2024-08-25T18:36:44Z,JavaScript,0.59
Prompt-Engineering-Guide,2022-12-16T16:04:50Z,302,0,2024-08-25T20:37:10Z,MDX,0.39
github-cheat-sheet,2014-04-12T16:38:42Z,129,0,2024-08-25T20:28:24Z,,0.68
ripgrep,2016-03-11T02:02:33Z,507,71,2024-08-25T20:52:51Z,Rust,0.94
etcd,2013-07-06T21:57:21Z,8756,237,2024-08-25T20:05:44Z,Go,0.96
go-ethereum,2013-12-26T13:05:46Z,7432,199,2024-08-25T18:45:50Z,Go,0.97
awesome-ios,2014-07-10T16:03:45Z,2223,0,2024-08-25T19:12:53Z,Swift,1.0
Ghost,2013-05-04T11:09:13Z,11156,796,2024-08-25T15:30:52Z,JavaScript,1.0
Magisk,2016-09-08T12:42:53Z,1463,135,2024-08-25T20:23:12Z,C++,1.0
mastodon,2016-02-22T15:01:25Z,15198,250,2024-08-25T20:09:11Z,Ruby,0.66
cypress,2015-03-04T00:46:28Z,6213,345,2024-08-25T18:17:49Z,JavaScript,0.9
dayjs,2018-04-10T09:26:44Z,696,119,2024-08-25T12:44:39Z,JavaScript,0.5
algorithm-visualizer,2016-05-15T00:27:45Z,183,0,2024-08-24T12:41:44Z,JavaScript,0.67
core,2018-06-12T13:49:36Z,2700,223,2024-08-25T19:56:41Z,TypeScript,0.87
segment-anything,2023-03-23T17:03:03Z,16,0,2024-08-25T20:30:39Z,Jupyter Notebook,0.25
serverless,2015-04-21T03:48:40Z,4662,398,2024-08-25T20:06:27Z,JavaScript,0.82
minio,2015-01-14T19:23:58Z,9582,494,2024-08-25T20:24:16Z,Go,1.0
marktext,2017-11-12T16:05:25Z,939,36,2024-08-25T20:20:08Z,JavaScript,0.58
professional-programming,2015-11-07T05:07:52Z,36,0,2024-08-25T20:17:54Z,Python,0.86
trackerslist,2016-04-24T11:57:57Z,1,0,2024-08-25T17:06:59Z,,0.98
big-list-of-naughty-strings,2015-08-08T20:57:20Z,90,0,2024-08-25T11:54:51Z,Python,0.32
meilisearch,2018-04-23T11:45:28Z,1727,206,2024-08-25T20:28:12Z,Rust,0.92
rclone,2014-03-16T16:19:57Z,1894,103,2024-08-25T18:53:35Z,Go,0.83
zustand,2019-04-09T09:10:06Z,642,85,2024-08-25T18:32:19Z,TypeScript,0.99
okhttp,2012-07-23T13:42:55Z,3440,0,2024-08-25T17:11:14Z,Kotlin,0.97
uBlock,2015-04-01T17:51:11Z,240,269,2024-08-25T21:08:02Z,JavaScript,1.0
learn-regex,2017-07-22T12:21:03Z,124,0,2024-08-25T14:23:34Z,,0.41
awesome-rust,2014-07-17T10:45:10Z,1392,0,2024-08-25T20:24:48Z,Rust,0.92
julia,2011-04-21T07:01:50Z,23926,161,2024-08-25T20:52:50Z,Julia,0.84
awesome-wechat-weapp,2016-09-22T20:04:48Z,275,0,2024-08-25T15:13:39Z,,0
zed,2021-02-20T03:01:06Z,7217,569,2024-08-25T21:06:28Z,Rust,0.64
powerlevel10k,2019-02-24T19:09:45Z,158,33,2024-08-25T20:43:18Z,Shell,0.98
v2ray-core,2015-09-04T11:42:53Z,203,247,2024-08-25T14:23:45Z,Go,1.0
astro,2021-03-15T17:19:47Z,6152,1000,2024-08-25T18:47:01Z,TypeScript,0.97
dive,2018-05-13T15:44:01Z,141,26,2024-08-25T20:46:17Z,Go,0.5
Projects,2013-07-04T13:37:27Z,19,0,2024-08-25T20:13:43Z,,0.46
joplin,2017-01-16T21:49:41Z,3343,347,2024-08-25T20:51:48Z,TypeScript,0.94
react,2018-06-02T04:08:16Z,359,0,2024-08-25T20:45:10Z,JavaScript,0.99
gogs,2014-02-12T01:57:08Z,1692,78,2024-08-25T17:21:47Z,Go,0.82
Motrix,2018-12-18T11:45:05Z,181,21,2024-08-25T16:16:36Z,JavaScript,0.45
FFmpeg,2011-04-14T14:12:38Z,16,0,2024-08-25T18:14:07Z,C,0
nocodb,2017-10-29T18:51:48Z,3698,147,2024-08-25T21:06:42Z,TypeScript,0.83
PowerShell,2016-01-13T23:41:35Z,6955,172,2024-08-25T20:38:58Z,C#,0.93
hackingtool,2020-04-11T09:21:31Z,55,0,2024-08-25T20:57:13Z,Python,0.88
design-patterns-for-humans,2017-02-16T21:24:39Z,49,0,2024-08-25T16:17:59Z,,0.92
100-Days-Of-ML-Code,2018-07-05T09:11:43Z,6,0,2024-08-25T20:08:26Z,,0
weekly,2018-10-13T12:36:07Z,88,0,2024-08-25T19:10:06Z,,0.17
fuels-rs,2021-10-31T22:33:54Z,792,100,2024-08-25T13:58:28Z,Rust,0.87
fuels-ts,2021-09-03T18:11:03Z,1513,127,2024-08-25T13:58:32Z,TypeScript,0.88
meteor,2012-01-19T01:58:17Z,2236,0,2024-08-25T20:02:56Z,JavaScript,0.97
architecture-samples,2016-02-05T13:42:07Z,224,0,2024-08-25T20:19:49Z,Kotlin,0.71
n8n,2019-06-22T09:24:21Z,7002,209,2024-08-25T20:22:32Z,TypeScript,0.88
first-contributions,2016-09-20T14:35:09Z,73402,0,2024-08-25T21:04:56Z,,0.93
x64dbg,2015-04-11T20:48:23Z,687,2,2024-08-25T20:46:22Z,C++,0.76
hiring-without-whiteboards,2017-03-15T05:09:01Z,1274,0,2024-08-25T18:21:44Z,JavaScript,0
jest,2013-12-10T00:18:04Z,5548,202,2024-08-25T13:56:03Z,TypeScript,0.96
starship,2019-04-02T03:23:12Z,2678,130,2024-08-25T20:52:51Z,Rust,0.74
AdminLTE,2013-12-25T02:52:40Z,1509,73,2024-08-25T20:28:22Z,Astro,0.96
gitea,2016-11-01T02:13:26Z,16084,194,2024-08-25T20:41:54Z,Go,0.82
pixijs,2013-01-21T22:40:50Z,3432,265,2024-08-25T19:06:49Z,TypeScript,0.94
parcel,2017-08-07T16:36:47Z,2548,35,2024-08-25T21:09:16Z,JavaScript,0.89
TensorFlow-Examples,2015-11-11T14:21:19Z,88,0,2024-08-25T18:31:12Z,Jupyter Notebook,0.3
MetaGPT,2023-06-30T09:04:55Z,592,21,2024-08-25T21:06:24Z,Python,0.52
appwrite,2019-04-08T16:36:25Z,2976,100,2024-08-25T18:49:26Z,TypeScript,0.84
build-web-application-with-golang,2012-08-02T11:49:35Z,757,0,2024-08-25T15:33:33Z,Go,0.6
hyper,2016-07-01T06:01:21Z,3291,88,2024-08-25T18:53:32Z,TypeScript,0.76
babel,2014-09-28T13:38:23Z,5849,408,2024-08-25T16:35:55Z,TypeScript,0.93
pandas,2010-08-24T01:37:33Z,25797,108,2024-08-25T21:00:36Z,Python,0.87
retrofit,2010-09-06T21:39:43Z,993,2,2024-08-25T15:05:49Z,HTML,0.96
quill,2012-07-30T23:23:18Z,376,94,2024-08-25T13:17:35Z,TypeScript,0.91
immich,2022-02-03T15:56:27Z,4371,200,2024-08-25T21:00:43Z,TypeScript,0.87
dify,2023-04-12T07:40:24Z,3110,86,2024-08-25T20:29:38Z,TypeScript,0.92
zx,2021-05-05T05:50:01Z,219,66,2024-08-25T18:18:30Z,JavaScript,0.97
huginn,2013-03-10T06:00:31Z,1011,1,2024-08-25T18:52:16Z,Ruby,0.72
PythonDataScienceHandbook,2016-08-10T14:24:36Z,28,0,2024-08-25T19:58:06Z,Jupyter Notebook,0.4
ImHex,2020-11-10T14:27:00Z,513,71,2024-08-25T20:29:47Z,C++,0.75
30-Days-Of-JavaScript,2019-12-23T14:07:40Z,98,0,2024-08-25T21:08:25Z,JavaScript,0.38
CppCoreGuidelines,2015-08-19T20:22:52Z,804,4,2024-08-25T20:17:50Z,CSS,0.79
type-challenges,2020-07-23T14:33:11Z,557,0,2024-08-25T20:16:38Z,TypeScript,0.11
PaddleOCR,2020-05-08T10:38:16Z,2433,14,2024-08-25T18:12:07Z,Python,0.99
terraform,2014-03-13T22:25:48Z,11713,320,2024-08-25T20:32:54Z,Go,0.91
frontend-dev-bookmarks,2013-06-22T13:23:55Z,129,1,2024-08-25T20:33:04Z,,0.78
json,2013-07-04T08:47:49Z,710,44,2024-08-25T20:09:43Z,C++,0.96
open-source-ios-apps,2015-01-26T23:32:34Z,1156,37,2024-08-25T19:13:19Z,,1.0
awesome-react-components,2016-06-24T15:19:33Z,324,0,2024-08-25T20:40:42Z,,0.9
git-flight-rules,2014-07-22T20:35:09Z,223,0,2024-08-25T20:34:47Z,,0.75
discourse,2013-01-12T00:25:55Z,24823,0,2024-08-25T17:42:02Z,Ruby,0
grpc,2014-12-08T18:58:53Z,19439,323,2024-08-25T13:00:59Z,C++,0.95
query,2019-09-10T19:23:58Z,2226,918,2024-08-25T19:38:52Z,TypeScript,0.97
yarn,2016-01-19T17:39:16Z,1654,152,2024-08-24T14:05:00Z,JavaScript,0.72
react-use,2018-10-27T10:16:05Z,1519,255,2024-08-25T20:39:58Z,TypeScript,0.43
alist,2020-12-23T17:40:29Z,652,113,2024-08-25T16:45:44Z,Go,0.96
pm2,2013-05-21T03:25:25Z,546,124,2024-08-25T16:22:26Z,JavaScript,0.82
front-end-interview-handbook,2018-01-13T19:40:08Z,301,0,2024-08-25T21:00:22Z,MDX,0.88
awesome-java,2014-07-09T10:12:43Z,680,0,2024-08-25T19:13:32Z,,0.99
Alamofire,2014-07-31T05:56:19Z,634,99,2024-08-25T12:38:00Z,Swift,0.99
localsend,2022-12-16T00:46:07Z,485,21,2024-08-25T20:59:54Z,Dart,0.54
vue2-elm,2016-12-23T01:49:20Z,21,0,2024-08-25T16:02:16Z,Vue,0.82
react-hook-form,2019-03-05T23:47:10Z,1941,553,2024-08-25T20:21:30Z,TypeScript,1.0
open-source-mac-os-apps,2017-11-03T02:35:33Z,522,0,2024-08-25T19:13:39Z,,0.77
Leaflet,2010-09-22T16:57:44Z,2986,31,2024-08-25T14:04:24Z,JavaScript,0.92
jadx,2013-03-18T17:08:21Z,482,29,2024-08-25T20:44:41Z,Java,0.77
brew,2016-03-06T05:08:38Z,11275,382,2024-08-25T19:35:19Z,Ruby,0.99
30-Days-Of-Python,2019-11-19T17:24:16Z,55,0,2024-08-25T17:46:14Z,Python,0.53
edex-ui,2017-01-28T09:35:02Z,399,29,2024-08-25T19:40:35Z,JavaScript,0.99
drawio,2016-09-06T12:59:15Z,36,837,2024-08-25T15:28:37Z,JavaScript,0.93
styled-components,2016-08-16T06:41:32Z,945,169,2024-08-25T20:59:22Z,TypeScript,0.91
Docker-OSX,2020-06-04T11:01:37Z,101,0,2024-08-25T20:49:47Z,Shell,0.43
dubbo,2012-06-19T07:56:02Z,5262,102,2024-08-25T06:50:25Z,Java,0.89
kubernetes-the-hard-way,2016-07-07T14:15:27Z,70,0,2024-08-25T20:55:06Z,,0.73
ChatGLM-6B,2023-03-13T12:00:18Z,49,0,2024-08-25T10:50:46Z,Python,0.58
nw.js,2012-01-04T06:21:10Z,573,0,2024-08-25T09:33:37Z,JavaScript,0.87
python-patterns,2012-06-06T21:02:35Z,264,0,2024-08-25T19:58:15Z,Python,0.87
Rocket.Chat,2015-05-19T07:36:09Z,12543,941,2024-08-25T17:47:31Z,TypeScript,0.84
JeecgBoot,2018-11-26T10:40:00Z,74,46,2024-08-25T12:57:19Z,Java,0.99
uni-app,2018-07-12T08:52:39Z,304,0,2024-08-25T15:31:44Z,JavaScript,0.78
what-happens-when,2013-11-07T04:30:06Z,108,0,2024-08-25T19:10:51Z,,0.18
monaco-editor,2016-06-07T16:56:31Z,447,88,2024-08-25T20:05:39Z,JavaScript,0.86
Fooocus,2023-08-09T18:43:40Z,448,21,2024-08-25T21:05:35Z,Python,0.89
vuetify,2016-09-12T00:39:35Z,3943,564,2024-08-25T19:49:39Z,TypeScript,0.95
swiper,2012-03-14T19:11:45Z,575,72,2024-08-25T20:33:57Z,JavaScript,0.98
awesome-cheatsheets,2017-11-09T02:47:15Z,169,0,2024-08-25T19:18:44Z,JavaScript,0.65
spark,2014-02-25T08:00:08Z,7,0,2024-08-25T19:43:20Z,Scala,0
text-generation-webui,2022-12-21T04:17:37Z,1005,50,2024-08-25T20:55:31Z,Python,0.94
hexo,2012-09-23T15:17:08Z,912,114,2024-08-25T18:00:24Z,TypeScript,0.98
Stirling-PDF,2023-01-27T18:22:42Z,776,84,2024-08-25T21:04:32Z,Java,0.79
lx-music-desktop,2019-08-14T14:31:08Z,35,108,2024-08-25T17:43:30Z,TypeScript,0.63
dbeaver,2015-10-21T08:26:28Z,4957,206,2024-08-25T19:10:24Z,Java,0.86
fastlane,2014-12-02T17:00:38Z,6177,543,2024-08-25T14:08:05Z,Ruby,0.96
ailearning,2017-02-25T08:53:02Z,477,2,2024-08-25T18:01:14Z,Python,0.98
materialize,2014-09-12T19:35:38Z,449,41,2024-08-24T09:07:19Z,JavaScript,0.88
reactjs-interview-questions,2018-05-31T17:17:01Z,155,0,2024-08-25T20:42:12Z,JavaScript,0.95
kong,2014-11-17T23:56:08Z,5932,141,2024-08-25T20:57:38Z,Lua,0.99
awesome-design-patterns,2018-06-04T17:47:48Z,30,0,2024-08-25T20:47:27Z,,0.38
prisma,2019-06-20T13:33:47Z,5490,194,2024-08-25T19:39:22Z,TypeScript,0.71
CPlusPlusThings,2019-07-14T08:45:45Z,72,0,2024-08-25T17:02:02Z,C++,0.97
ColossalAI,2021-10-28T16:19:44Z,3512,42,2024-08-25T11:05:32Z,Python,0.76
pyenv,2012-08-31T06:57:52Z,878,103,2024-08-25T21:06:04Z,Roff,0.97
sentry,2010-08-30T22:06:41Z,55808,135,2024-08-25T18:28:14Z,Python,0.8
black,2018-03-14T19:54:45Z,1471,44,2024-08-25T20:53:30Z,Python,0.86
acme.sh,2015-12-26T12:56:33Z,1306,41,2024-08-25T19:54:28Z,Shell,0.68
pocketbase,2022-07-05T06:06:21Z,49,143,2024-08-25T21:05:59Z,Go,0.97
stablediffusion,2022-11-23T23:59:50Z,18,0,2024-08-25T19:48:15Z,Python,0.24
AFFiNE,2022-07-31T18:45:21Z,4608,350,2024-08-25T20:39:39Z,TypeScript,0.92
cheat.sh,2017-05-07T21:40:56Z,122,0,2024-08-25T13:38:26Z,Python,0.52
fanqiang,2015-01-14T00:34:25Z,3,3,2024-08-25T20:58:36Z,Kotlin,0.59
Deep-Learning-Papers-Reading-Roadmap,2016-10-14T11:49:48Z,28,0,2024-08-25T20:20:50Z,Python,0.09
esbuild,2016-06-14T16:08:50Z,234,288,2024-08-25T13:04:50Z,Go,0.87
metabase,2015-02-02T19:25:47Z,23892,544,2024-08-25T15:10:23Z,Clojure,0.81
php-src,2011-06-16T01:52:25Z,3141,0,2024-08-25T20:35:47Z,C,0.79
video.js,2010-05-14T18:45:10Z,1762,319,2024-08-25T17:49:42Z,JavaScript,0.91
bert,2018-10-25T22:57:34Z,32,0,2024-08-25T18:59:54Z,Python,0.31
tabler,2018-02-01T09:08:59Z,485,42,2024-08-25T20:45:34Z,HTML,0.92
impress.js,2011-12-28T22:23:19Z,121,15,2024-08-25T17:58:32Z,JavaScript,0.89
iina,2016-12-19T07:18:45Z,732,44,2024-08-25T20:09:02Z,Swift,0.58
MPAndroidChart,2014-04-25T14:29:47Z,190,44,2024-08-25T19:39:52Z,Java,0.58
wrk,2012-03-20T11:12:28Z,0,0,2024-08-25T19:35:49Z,C,0.65
lobe-chat,2023-05-21T07:19:12Z,985,824,2024-08-25T19:49:12Z,TypeScript,0.83
cobra,2013-09-03T20:40:26Z,583,22,2024-08-25T20:36:51Z,Go,0.83
chakra-ui,2019-08-17T14:27:54Z,2393,1000,2024-08-25T21:03:13Z,MDX,0.92
styleguide,2015-05-20T19:18:59Z,161,0,2024-08-25T21:10:13Z,HTML,0.5
odoo,2014-05-13T15:38:58Z,6175,0,2024-08-25T20:07:58Z,Python,0.84
Made-With-ML,2018-11-05T03:44:27Z,147,0,2024-08-25T19:58:36Z,Jupyter Notebook,0.79
freecodecamp.cn,2016-09-30T03:13:43Z,55,0,2024-08-25T20:42:18Z,CSS,0.74
Open-Assistant,2022-12-13T05:24:17Z,1616,127,2024-08-25T19:58:43Z,Python,0.86
chinese-independent-developer,2017-09-21T11:08:23Z,235,0,2024-08-25T20:45:35Z,,0.99
phaser,2013-04-12T12:27:51Z,1676,150,2024-08-25T20:53:57Z,JavaScript,0.99
zju-icicles,2016-06-28T16:17:32Z,211,0,2024-08-25T17:19:27Z,HTML,0.84
htmx,2020-04-13T16:17:51Z,752,22,2024-08-25T20:57:07Z,JavaScript,0.61
tidb,2015-09-06T04:01:52Z,29338,196,2024-08-25T18:05:30Z,Go,0.81
open-webui,2023-10-06T22:08:27Z,1120,46,2024-08-25T21:08:29Z,Svelte,0.93
diagrams,2020-02-02T15:23:24Z,255,40,2024-08-25T18:46:02Z,Python,0.38
free,2020-06-07T02:48:33Z,0,0,2024-08-25T19:58:22Z,,0.28
nvm-windows,2014-09-20T16:37:28Z,97,20,2024-08-25T21:09:11Z,Go,0.92
English-level-up-tips,2017-05-30T07:18:52Z,26,0,2024-08-25T16:31:17Z,HTML,0.73
interview_internal_reference,2019-06-10T06:54:19Z,35,0,2024-08-25T19:52:57Z,Python,0.4
preact,2015-09-11T02:40:18Z,1667,209,2024-08-25T18:29:45Z,JavaScript,0.93
cli,2019-10-03T15:24:53Z,2166,140,2024-08-25T20:14:40Z,Go,0.85
tutorials,2013-04-29T18:26:36Z,12241,0,2024-08-25T21:05:32Z,Java,0.97
gorm,2013-10-25T08:31:38Z,714,2,2024-08-25T18:01:21Z,Go,0.93
pure-bash-bible,2018-06-13T01:39:33Z,28,0,2024-08-25T19:39:16Z,Shell,0.43
ClickHouse,2016-06-02T08:28:18Z,39661,577,2024-08-25T20:56:35Z,C++,0.84
llm-course,2023-06-17T22:16:25Z,1,0,2024-08-25T20:36:40Z,Jupyter Notebook,0.39
50projects50days,2020-11-16T14:39:01Z,42,0,2024-08-25T20:14:14Z,CSS,0
ant-design-pro,2017-08-25T10:40:44Z,960,26,2024-08-25T19:47:45Z,TypeScript,0.99
FastChat,2023-03-19T00:18:02Z,788,14,2024-08-25T16:35:27Z,Python,0.57
manifesto,2023-08-13T16:17:24Z,761,0,2024-08-25T02:20:28Z,HTML,0.44
vaultwarden,2018-02-17T22:40:20Z,820,59,2024-08-25T19:32:59Z,Rust,0.99
python-cheatsheet,2018-01-25T04:16:53Z,14,0,2024-08-25T18:08:43Z,Python,0.92
leveldb,2014-08-27T21:17:52Z,62,21,2024-08-25T18:24:29Z,C++,0.71
lazydocker,2019-05-18T08:53:50Z,181,40,2024-08-25T18:26:43Z,Go,0.57
airflow,2015-04-13T18:04:58Z,21540,88,2024-08-25T20:40:07Z,Python,0.91
vim,2015-08-18T21:03:56Z,438,0,2024-08-25T20:12:46Z,Vim Script,0.83
shellcheck,2012-11-17T03:15:11Z,285,29,2024-08-25T20:06:05Z,Haskell,0.62
JavaFamily,2019-11-12T04:26:18Z,2,0,2024-08-25T16:24:53Z,,0.97
nanoGPT,2022-12-28T00:51:12Z,44,0,2024-08-25T21:03:54Z,Python,0.33
mitmproxy,2010-02-16T04:10:13Z,2363,66,2024-08-25T17:20:27Z,Python,0.91
DragGAN,2023-05-18T10:08:02Z,18,0,2024-08-25T10:24:19Z,Python,0.24
og-aws,2016-07-13T17:30:16Z,498,0,2024-08-25T18:54:44Z,Shell,0.38
v,2019-02-08T02:57:06Z,10736,220,2024-08-25T16:11:28Z,V,0.89
quivr,2023-05-12T23:53:30Z,1573,312,2024-08-25T20:33:13Z,Python,0.93
istio,2016-11-18T23:57:21Z,26015,356,2024-08-25T20:53:02Z,Go,0.98
lerna,2015-12-04T09:36:55Z,960,238,2024-08-25T14:39:10Z,TypeScript,0.86
wtfpython,2017-08-28T20:22:19Z,100,2,2024-08-24T19:36:31Z,Python,0.63
deeplearningbook-chinese,2016-12-07T11:46:51Z,16,7,2024-08-25T15:23:58Z,TeX,0.68
GFPGAN,2021-03-19T06:18:20Z,14,8,2024-08-25T18:06:30Z,Python,0.27
arthas,2018-08-29T17:15:57Z,513,53,2024-08-25T12:39:09Z,Java,0.84
taro,2018-04-08T09:32:26Z,3222,181,2024-08-25T16:57:07Z,TypeScript,0.89
curl,2010-03-18T22:32:22Z,181,81,2024-08-25T07:40:45Z,C,1.0
fullPage.js,2013-09-20T11:58:29Z,310,96,2024-08-25T19:20:51Z,JavaScript,0.97
hello-algorithm,2020-05-29T05:47:09Z,26,0,2024-08-25T14:38:11Z,Java,0.76
aspnetcore,2014-03-11T06:09:42Z,15981,232,2024-08-25T20:34:24Z,C#,0.9
koa,2013-07-20T18:53:45Z,493,0,2024-08-25T11:56:52Z,JavaScript,0.96
bark,2023-04-07T19:34:48Z,19,0,2024-08-25T20:53:04Z,Jupyter Notebook,0.53
tldraw,2021-05-09T11:48:37Z,2160,37,2024-08-25T18:46:24Z,TypeScript,0.79
shadowsocks-android,2012-12-16T13:40:29Z,253,184,2024-08-25T15:07:59Z,Kotlin,0.98
lottie-android,2016-10-06T22:42:42Z,677,50,2024-08-25T17:11:21Z,Java,0.99
wtfjs,2017-07-14T15:42:12Z,124,25,2024-08-25T20:53:33Z,JavaScript,0.86
sheetjs,2012-12-03T19:25:52Z,106,0,2024-08-25T16:09:17Z,,0.95
devdocs,2013-10-24T18:16:07Z,749,0,2024-08-25T16:01:18Z,Ruby,0.85
aria2,2010-11-27T09:41:48Z,252,24,2024-08-25T21:07:33Z,C++,0.44
bevy,2020-01-18T21:13:55Z,3461,28,2024-08-25T20:32:20Z,Rust,0.67
nativefier,2015-07-05T05:56:42Z,261,99,2024-08-25T19:09:29Z,TypeScript,0.79
MockingBird,2021-08-07T03:53:39Z,77,1,2024-08-25T13:18:35Z,Python,0.47
hackathon-starter,2013-11-13T17:24:12Z,323,15,2024-08-25T15:00:50Z,JavaScript,0.99
llama_index,2022-11-02T04:24:54Z,5099,315,2024-08-25T21:01:21Z,Python,0.87
glide,2013-07-08T22:52:33Z,538,47,2024-08-25T14:54:26Z,Java,0.88
955.WLB,2019-03-27T23:53:37Z,18,0,2024-08-25T12:36:19Z,,0.31
TaskMatrix,2023-03-02T09:04:28Z,21,0,2024-08-24T14:29:41Z,Python,0.38
tesseract.js,2015-06-24T02:49:52Z,175,54,2024-08-25T18:52:02Z,JavaScript,0.96
DeepSpeed,2020-01-23T18:35:18Z,2320,78,2024-08-25T18:16:41Z,Python,0.63
the-way-to-go_ZH_CN,2013-03-24T17:18:38Z,592,0,2024-08-25T14:51:03Z,Go,0
node-v0.x-archive,2009-05-27T16:29:46Z,218,0,2024-08-25T05:18:03Z,,1.0
awesome-react-native,2015-03-26T19:58:06Z,912,0,2024-08-25T21:01:40Z,JavaScript,0.49
gym,2016-04-27T14:59:16Z,999,19,2024-08-25T20:33:30Z,Python,0.95
carbon,2017-06-16T02:50:28Z,659,215,2024-08-25T07:19:03Z,JavaScript,0.9
date-fns,2014-10-06T10:24:22Z,1067,120,2024-08-25T18:00:56Z,TypeScript,0.71
photoprism,2018-01-27T12:00:15Z,644,70,2024-08-25T19:43:13Z,Go,0.8
tmux,2015-06-03T23:32:55Z,1,35,2024-08-25T20:08:04Z,C,0.99
streamlit,2019-08-24T00:14:52Z,4007,82,2024-08-25T20:45:27Z,Python,0.8
interview,2018-02-09T09:49:48Z,35,0,2024-08-25T18:47:16Z,C++,0.65
Ryujinx,2018-02-04T23:07:54Z,2965,0,2024-08-25T18:37:49Z,C#,0.72
termux-app,2015-10-23T09:42:46Z,149,91,2024-08-25T20:40:13Z,Java,0.88
insomnia,2016-04-23T03:54:26Z,2763,460,2024-08-25T21:06:51Z,JavaScript,0.82
trpc,2020-07-18T01:17:11Z,3221,200,2024-08-25T19:41:41Z,TypeScript,0.91
lapce,2018-02-06T08:41:06Z,1089,31,2024-08-25T18:39:05Z,Rust,0.61
googletest,2015-07-28T15:07:53Z,808,9,2024-08-25T20:17:48Z,C++,0.88
TrafficMonitor,2017-07-30T02:51:17Z,43,24,2024-08-25T18:40:26Z,C++,0.38
novu,2021-08-26T15:22:44Z,4009,36,2024-08-25T19:03:35Z,TypeScript,0.81
caffe,2013-09-12T18:39:48Z,1087,14,2024-08-25T20:28:00Z,C++,0.81
whisper.cpp,2022-09-25T18:26:37Z,523,17,2024-08-25T16:35:27Z,C,0.5
clipboard.js,2015-09-18T23:04:55Z,117,42,2024-08-25T05:16:13Z,JavaScript,0.99
v2rayNG,2019-05-15T02:15:31Z,245,187,2024-08-25T20:50:02Z,Kotlin,0.99
typeorm,2016-02-29T07:41:14Z,1969,32,2024-08-25T12:10:26Z,TypeScript,0.71
AI-For-Beginners,2021-03-03T16:27:36Z,158,0,2024-08-25T19:27:00Z,Jupyter Notebook,0.83
formik,2017-06-14T19:50:59Z,821,196,2024-08-25T01:28:49Z,TypeScript,0.69
vim-plug,2013-09-10T14:58:51Z,175,8,2024-08-25T18:57:26Z,Vim Script,0.94
12306,2017-05-17T12:23:40Z,31,1,2024-08-25T12:10:43Z,Python,0.67
pandoc,2010-03-20T20:34:23Z,1570,137,2024-08-25T20:53:06Z,Haskell,0.86
google-research,2018-10-04T18:42:48Z,29,0,2024-08-25T19:26:10Z,Jupyter Notebook,0.26
metasploit-framework,2011-08-30T06:13:20Z,10683,0,2024-08-25T19:21:22Z,Ruby,0.93
gold-miner,2015-11-04T03:29:13Z,3563,0,2024-08-25T13:31:27Z,,1.0
Files,2019-01-04T18:19:14Z,5027,116,2024-08-25T19:26:32Z,C#,0.95
shadowsocks,2012-04-20T13:10:49Z,70,2,2024-08-25T19:17:37Z,Python,0
compose,2013-12-09T11:40:58Z,3097,230,2024-08-25T18:22:09Z,Go,0.97
zig,2015-08-06T00:51:28Z,7861,18,2024-08-25T20:11:03Z,Zig,0.74
HanLP,2014-10-09T06:36:16Z,78,57,2024-08-25T16:00:02Z,Python,0.99
AFNetworking,2011-05-31T21:28:44Z,710,40,2024-08-25T19:31:53Z,Objective-C,0
Summer2025-Internships,2020-05-23T20:53:18Z,1668,0,2024-08-25T21:08:56Z,,1.0
brackets,2011-12-07T21:14:40Z,4332,69,2024-08-25T12:24:05Z,JavaScript,0.73
awesome-javascript,2014-07-01T15:59:02Z,377,0,2024-08-25T09:29:05Z,,0.97
cli,2012-02-25T12:39:13Z,399,46,2024-08-25T20:59:34Z,Python,0.82
netty,2010-11-09T09:22:21Z,3526,0,2024-08-25T15:57:43Z,Java,0.91
AndroidUtilCode,2016-07-30T18:18:32Z,88,117,2024-08-25T00:49:14Z,Java,0.81
fd,2017-05-09T21:27:10Z,580,40,2024-08-25T17:49:59Z,Rust,0.89
awesome-compose,2020-02-13T08:51:42Z,149,0,2024-08-25T19:25:53Z,HTML,0.35
EasySpider,2020-07-18T02:41:27Z,32,9,2024-08-25T20:09:48Z,JavaScript,0.82
react-beautiful-dnd,2017-08-09T03:37:15Z,527,68,2024-08-25T10:56:13Z,JavaScript,0.65
Awesome-Design-Tools,2019-02-12T13:55:30Z,283,0,2024-08-25T19:14:10Z,JavaScript,0.74
REKCARC-TSC-UHT,2019-04-05T03:31:23Z,156,0,2024-08-25T17:20:55Z,HTML,0.97
jieba,2012-09-29T07:52:01Z,96,9,2024-08-25T18:28:19Z,Python,0.27
halo,2018-03-21T12:56:52Z,2128,182,2024-08-25T16:06:41Z,Java,0.91
jellyfin,2018-12-09T06:36:45Z,4139,77,2024-08-25T20:59:37Z,C#,0.92
gulp,2013-07-04T05:26:06Z,405,23,2024-08-25T09:33:28Z,JavaScript,0.99
TTS,2020-05-20T15:45:28Z,467,98,2024-08-25T21:01:34Z,Python,0.94
XX-Net,2015-01-15T09:35:51Z,362,388,2024-08-25T15:58:50Z,Python,0.41
immutable-js,2014-07-02T06:02:29Z,511,80,2024-08-25T18:01:38Z,TypeScript,0.92
appsmith,2020-06-30T04:07:36Z,12168,238,2024-08-25T21:08:04Z,TypeScript,0.82
daisyui,2020-11-28T22:57:27Z,283,41,2024-08-25T19:06:46Z,Svelte,0.95
spring-boot-demo,2017-11-10T06:27:29Z,15,0,2024-08-25T19:55:45Z,Java,0.44
ray,2016-10-25T19:38:30Z,22925,90,2024-08-25T20:15:22Z,Python,0.81
fiber,2020-01-16T03:59:20Z,1456,122,2024-08-25T19:09:06Z,Go,0.94
marked,2011-07-24T13:15:51Z,1381,133,2024-08-25T18:12:29Z,JavaScript,0.98
zod,2020-03-07T20:59:08Z,493,89,2024-08-25T18:53:03Z,TypeScript,0.8
LeetCode-Go,2017-07-18T00:06:14Z,174,4,2024-08-25T21:06:10Z,Go,0.82
zxing,2011-10-12T14:07:27Z,311,31,2024-08-25T20:47:18Z,Java,1.0
WeChatMsg,2023-01-11T05:03:49Z,62,32,2024-08-25T16:44:49Z,Python,0.87
slidev,2021-04-24T01:25:23Z,572,352,2024-08-25T20:36:26Z,TypeScript,0.94
awesome-shell,2014-07-07T01:57:42Z,307,0,2024-08-25T20:12:14Z,,0.39
ijkplayer,2013-06-03T04:12:04Z,35,0,2024-08-25T15:04:42Z,C,0.47
helix,2020-06-01T04:26:56Z,3571,26,2024-08-25T20:52:51Z,Rust,0.86
ccxt,2017-05-14T15:41:56Z,11376,67,2024-08-25T20:14:09Z,Python,0.92
ShadowsocksX-NG,2016-06-10T11:49:00Z,63,29,2024-08-25T12:27:52Z,Swift,0.77
typst,2019-09-24T21:41:56Z,1187,16,2024-08-25T21:10:23Z,Rust,0.75
material-design-lite,2015-01-14T22:01:33Z,655,14,2024-08-25T01:25:40Z,HTML,0.83
carbon-lang,2020-04-27T21:45:16Z,2899,67,2024-08-25T20:37:52Z,C++,0.83
expo,2016-08-15T17:14:25Z,13721,0,2024-08-25T20:36:01Z,TypeScript,0.97
husky,2014-06-23T12:14:21Z,256,78,2024-08-25T14:00:34Z,JavaScript,0.97
gitness,2014-02-07T07:54:44Z,1022,41,2024-08-25T18:43:25Z,Go,0.93
framework,2013-01-10T21:27:28Z,15269,748,2024-08-25T15:15:43Z,PHP,1.0
JavaScript,2017-07-13T06:12:33Z,787,0,2024-08-25T15:41:02Z,JavaScript,0.98
solid,2018-04-24T16:36:27Z,346,34,2024-08-25T20:52:40Z,TypeScript,0.92
penpot,2015-12-29T22:09:07Z,2963,40,2024-08-25T19:36:52Z,Clojure,0.79
easyexcel,2018-02-06T03:14:08Z,188,13,2024-08-25T14:40:21Z,Java,0.89
logseq,2020-05-23T00:06:06Z,2924,147,2024-08-25T20:31:46Z,Clojure,0.8
gradio,2018-12-19T08:24:04Z,3652,1000,2024-08-25T19:59:12Z,Python,0.89
fastify,2016-09-28T19:10:14Z,2746,284,2024-08-25T21:03:07Z,JavaScript,0.96
sqlmap,2012-06-26T09:52:15Z,166,9,2024-08-25T20:58:22Z,Python,0.99
RSSHub,2018-04-02T14:43:21Z,8924,0,2024-08-25T16:33:57Z,TypeScript,0.94
android-open-project,2014-01-05T15:20:15Z,204,0,2024-08-25T20:15:48Z,,0.88
awesome-awesomeness,2014-07-08T05:44:19Z,197,0,2024-08-25T16:17:26Z,Ruby,0.76
GitHubDaily,2018-12-30T13:56:58Z,3,0,2024-08-25T19:59:17Z,,0.38
GPT-SoVITS,2024-01-14T18:05:21Z,252,1,2024-08-25T20:29:12Z,Python,0.54
run,2022-04-10T05:42:40Z,172,0,2024-08-25T19:41:26Z,,0.84
nushell,2019-05-10T16:59:42Z,6630,98,2024-08-25T20:20:09Z,Rust,0.76
beego,2012-02-29T02:32:08Z,1294,33,2024-08-25T10:06:36Z,Go,1.0
Coursera-ML-AndrewNg-Notes,2017-11-04T10:04:08Z,13,0,2024-08-25T14:01:26Z,HTML,0.22
system-design,2022-08-15T18:59:54Z,11,0,2024-08-25T19:11:07Z,,0.95
certbot,2014-11-12T02:52:20Z,3755,52,2024-08-25T20:51:48Z,Python,0.97
pytorch-image-models,2019-02-02T05:51:12Z,365,59,2024-08-25T19:44:32Z,Python,0.95
AgentGPT,2023-04-07T02:29:19Z,539,12,2024-08-25T19:21:03Z,TypeScript,0.73
chatgpt-web,2023-02-09T03:21:37Z,159,43,2024-08-25T17:39:23Z,Vue,1.0
graphql-engine,2018-06-18T07:57:36Z,2109,270,2024-08-25T20:22:28Z,TypeScript,0.64
jQuery-File-Upload,2010-12-01T15:35:32Z,119,0,2024-08-25T13:54:38Z,PHP,0.99
engineering-blogs,2015-06-13T18:25:17Z,681,0,2024-08-25T20:16:47Z,Ruby,0.81
poetry,2018-02-28T15:23:47Z,2076,133,2024-08-25T19:59:19Z,Python,0.9
NewPipe,2015-09-03T23:39:26Z,1555,131,2024-08-25T20:33:13Z,Java,0.87
swc,2017-12-22T11:40:14Z,4800,540,2024-08-25T15:17:26Z,Rust,0.9
Python,2011-11-30T09:04:08Z,1474,0,2024-08-25T10:54:04Z,Python,0.32
Langchain-Chatchat,2023-03-31T12:12:45Z,596,31,2024-08-25T16:24:01Z,TypeScript,0.97
linux-command,2016-11-12T15:44:26Z,325,27,2024-08-25T15:53:26Z,Markdown,0.63
vault,2015-02-25T00:15:59Z,18738,146,2024-08-25T20:31:18Z,Go,0.83
awesome-php,2013-11-26T03:14:19Z,435,0,2024-08-25T15:09:28Z,,0.99
zsh-autosuggestions,2013-10-26T16:09:37Z,112,0,2024-08-25T20:11:34Z,Shell,0.76
clash-verge-rev,2023-11-21T18:24:03Z,101,39,2024-08-25T19:47:47Z,TypeScript,0.84
cal.com,2021-03-22T13:47:42Z,7270,281,2024-08-25T20:44:20Z,TypeScript,0.89
openpose,2017-04-24T14:06:31Z,174,15,2024-08-25T19:02:37Z,C++,0.85
OpenHands,2024-03-13T03:33:31Z,1786,9,2024-08-25T20:52:06Z,Python,0.9
Blog,2017-03-13T10:04:33Z,3,0,2024-08-25T08:54:35Z,,0.31
MS-DOS,2018-06-25T18:26:02Z,37,0,2024-08-25T12:57:46Z,Assembly,0
rxjs,2015-03-15T06:17:10Z,2587,2,2024-08-25T20:53:25Z,TypeScript,0.93
modern-unix,2021-01-12T00:50:14Z,10,0,2024-08-25T02:18:49Z,,0.2
leetcode,2018-09-16T14:03:03Z,3082,20,2024-08-25T19:47:40Z,Java,0.95
vimrc,2012-05-29T16:19:29Z,107,0,2024-08-25T19:40:29Z,Vim Script,1.0
yew,2017-12-16T14:19:02Z,1696,35,2024-08-25T18:18:37Z,MDX,0.91
spacedrive,2021-09-27T05:09:04Z,1824,25,2024-08-25T20:04:05Z,TypeScript,0.83
p3c,2017-06-23T06:15:51Z,62,0,2024-08-25T15:02:40Z,Kotlin,0.82
ruff,2022-08-09T17:17:44Z,7213,321,2024-08-25T20:52:51Z,Rust,0.8
learnGitBranching,2012-08-13T22:36:09Z,566,0,2024-08-25T20:45:39Z,JavaScript,0.94
How-To-Ask-Questions-The-Smart-Way,2015-03-28T16:52:40Z,97,0,2024-08-25T18:37:51Z,JavaScript,0.76
libpku,2018-11-22T13:33:06Z,22,0,2024-08-25T17:22:11Z,TeX,0.76
html2canvas,2011-07-16T01:05:58Z,186,45,2024-08-25T18:00:32Z,TypeScript,0.64
NeteaseCloudMusicApi,2016-06-22T11:58:03Z,292,0,2024-08-25T09:34:18Z,,0.89
serenity,2018-12-02T19:28:41Z,18543,0,2024-08-25T18:32:49Z,C++,0.83
portainer,2016-05-19T20:15:28Z,4697,118,2024-08-25T21:06:00Z,TypeScript,0.92
nps,2018-11-04T13:22:51Z,74,59,2024-08-25T19:57:54Z,Go,0.59
spring-boot-examples,2016-11-05T05:32:33Z,7,0,2024-08-25T18:38:18Z,Java,0.93
faiss,2017-02-07T16:07:05Z,136,16,2024-08-25T17:47:41Z,C++,0.91
lottie-web,2015-02-20T21:02:59Z,133,0,2024-08-25T20:44:16Z,JavaScript,0.74
swr,2019-10-28T18:16:01Z,763,115,2024-08-25T18:26:20Z,TypeScript,0.89
dotfiles,2011-09-05T18:07:54Z,44,0,2024-08-25T17:59:25Z,Shell,0.64
selenium,2013-01-14T21:40:56Z,2108,96,2024-08-25T21:03:52Z,Java,0.98
AnotherRedisDesktopManager,2019-01-08T06:01:56Z,139,49,2024-08-25T20:00:50Z,JavaScript,0.88
fairseq,2017-08-29T16:26:12Z,229,16,2024-08-25T19:59:29Z,Python,0.73
HEAD,2016-04-20T20:05:37Z,86,0,2024-08-25T18:46:34Z,,0.78
jq,2012-07-18T19:57:25Z,542,13,2024-08-25T20:29:38Z,C,0.83
autogen,2023-08-18T11:43:45Z,1164,58,2024-08-25T19:50:34Z,Jupyter Notebook,0.6
C-Plus-Plus,2016-07-16T10:19:45Z,594,0,2024-08-25T17:03:44Z,C++,0.96
nacos,2018-06-15T06:49:27Z,2778,69,2024-08-25T19:21:05Z,Java,0.97
detectron2,2019-09-05T21:30:20Z,0,10,2024-08-25T20:54:49Z,Python,0.88
vue-cli,2015-12-26T23:11:20Z,1258,177,2024-08-25T19:27:31Z,JavaScript,0.83
linux-insides,2015-01-03T18:44:57Z,575,0,2024-08-25T20:44:00Z,Python,0.84
cockroach,2014-02-06T00:18:47Z,57384,0,2024-08-25T20:57:40Z,Go,0.92
pytorch-tutorial,2017-03-10T07:41:47Z,28,0,2024-08-25T12:57:14Z,Python,0.63
jsoncrack.com,2022-01-30T15:25:18Z,74,20,2024-08-25T20:26:58Z,TypeScript,0.83
HowToLiveLonger,2022-04-16T04:15:18Z,13,0,2024-08-25T13:02:47Z,,0.8
memos,2021-12-08T15:30:18Z,1455,67,2024-08-25T21:12:21Z,Go,0.98
foundation-sites,2011-10-13T23:05:42Z,2950,78,2024-08-25T19:32:54Z,HTML,0.99
ChatTTS,2024-05-27T18:26:49Z,189,1,2024-08-25T18:46:54Z,Python,0.81
awesome-docker,2014-09-21T17:01:48Z,915,1,2024-08-25T18:58:49Z,,1.0
jax,2018-10-25T21:25:02Z,10269,109,2024-08-25T20:32:08Z,Python,0.76
symfony,2010-01-04T14:21:21Z,22589,507,2024-08-25T18:28:39Z,PHP,0.97
spaCy,2014-07-03T15:15:40Z,3555,125,2024-08-25T17:02:51Z,Python,0.98
ControlNet,2023-02-01T02:43:30Z,5,0,2024-08-25T20:19:33Z,Python,0.24
slate,2016-06-18T01:52:42Z,1838,174,2024-08-25T12:01:28Z,TypeScript,0.8
floating-ui,2016-03-29T17:00:47Z,1030,446,2024-08-25T12:47:23Z,TypeScript,0.99
LLaMA-Factory,2023-05-28T10:09:12Z,186,30,2024-08-25T19:10:05Z,Python,0.97
my-tv,2023-12-04T12:18:39Z,11,72,2024-08-25T17:01:48Z,C,0.86
react-boilerplate,2015-02-18T14:36:32Z,715,16,2024-08-25T21:01:00Z,JavaScript,0.96
phantomjs,2010-12-27T08:18:58Z,562,0,2024-08-23T22:35:26Z,C++,1.0
calculator,2019-01-28T17:55:49Z,853,0,2024-08-25T16:17:33Z,C++,0.67
chatgpt-on-wechat,2022-08-07T08:33:41Z,211,57,2024-08-25T13:28:59Z,Python,0.86
layui,2015-09-22T08:12:03Z,483,125,2024-08-25T14:18:15Z,JavaScript,0.97
lede,2017-09-06T07:39:03Z,1956,6,2024-08-25T19:46:49Z,C,0.91
gpt-pilot,2023-08-16T11:56:07Z,395,0,2024-08-25T12:17:01Z,Python,0.57
sequelize,2010-07-22T07:11:11Z,4732,478,2024-08-25T13:56:28Z,TypeScript,0.92
webtorrent,2013-10-15T08:16:40Z,892,191,2024-08-25T21:01:44Z,JavaScript,0.96
project-guidelines,2017-06-30T10:17:55Z,113,0,2024-08-25T19:11:45Z,JavaScript,0.76
echo,2015-03-01T17:43:01Z,569,104,2024-08-25T19:15:02Z,Go,0.96
Sortable,2013-12-19T10:10:13Z,246,26,2024-08-25T12:07:59Z,JavaScript,0.75
leakcanary,2015-04-29T23:54:16Z,918,43,2024-08-24T19:05:38Z,Kotlin,0.94
stanford_alpaca,2023-03-10T23:33:09Z,6,0,2024-08-25T18:47:20Z,Python,0.36
interactive-coding-challenges,2015-04-28T21:36:39Z,176,0,2024-08-25T17:54:12Z,Python,0.48
OpenBB,2020-12-20T10:46:38Z,3860,37,2024-08-25T21:00:21Z,Python,0.99
maybe,2024-01-01T22:23:46Z,526,16,2024-08-25T20:45:16Z,Ruby,0.98
es6features,2014-03-03T18:29:30Z,41,0,2024-08-25T18:42:41Z,,0.63
500lines,2013-11-04T02:02:53Z,175,0,2024-08-25T18:34:48Z,JavaScript,0.56
Hover,2014-01-02T14:27:35Z,23,10,2024-08-25T10:54:42Z,SCSS,0.78
etcher,2015-10-27T16:53:23Z,1722,280,2024-08-25T19:41:13Z,TypeScript,0.81
COVID-19,2020-02-04T22:03:53Z,2152,0,2024-08-25T16:35:24Z,,0.55
upscayl,2022-07-30T17:19:20Z,64,27,2024-08-25T20:37:25Z,TypeScript,0.95
Flowise,2023-03-31T12:23:09Z,800,48,2024-08-25T20:04:41Z,TypeScript,0.67
minikube,2016-04-15T22:38:35Z,7984,148,2024-08-25T18:42:46Z,Go,0.93
Deep-Live-Cam,2023-09-24T13:19:31Z,21,1,2024-08-25T21:10:47Z,Python,0.45
standard,2015-01-27T01:23:31Z,412,5,2024-08-25T04:23:09Z,JavaScript,0.91
milvus,2019-09-16T06:43:43Z,18974,86,2024-08-25T21:04:20Z,Go,0.95
apollo,2016-03-04T10:24:23Z,1381,40,2024-08-24T19:20:45Z,Java,0.96
mattermost,2015-06-15T06:50:02Z,16540,602,2024-08-25T09:19:01Z,TypeScript,0.92
pnpm,2016-01-28T07:40:43Z,2215,944,2024-08-25T20:36:23Z,TypeScript,0.63
awesome-remote-job,2015-01-02T00:31:34Z,557,0,2024-08-25T19:47:29Z,,0.79
ShareX,2013-10-08T23:32:10Z,738,79,2024-08-25T18:38:18Z,C#,0.91
mmdetection,2018-08-22T07:06:06Z,2359,53,2024-08-25T15:53:39Z,Python,0.81
jsPDF,2009-12-06T14:56:32Z,700,32,2024-08-25T18:25:12Z,JavaScript,0.95
AI-Expert-Roadmap,2020-10-24T21:49:40Z,13,0,2024-08-25T15:22:15Z,JavaScript,0.73
hutool,2014-04-13T07:23:51Z,410,144,2024-08-25T17:42:45Z,Java,1.0
uppy,2015-11-16T12:32:33Z,2835,115,2024-08-24T18:08:14Z,TypeScript,0.95
remote-jobs,2015-10-13T03:49:25Z,1202,0,2024-08-25T20:22:16Z,JavaScript,0.87
particles.js,2014-09-06T14:29:47Z,21,6,2024-08-25T17:37:41Z,JavaScript,0.26
v2ray-core,2019-04-15T10:05:54Z,800,86,2024-08-25T16:52:10Z,Go,0.94
polars,2020-05-13T19:45:33Z,8986,173,2024-08-25T20:52:51Z,Rust,0.78
awesome-macos-command-line,2015-09-22T19:37:55Z,104,0,2024-08-25T17:25:10Z,,0
sharp,2013-08-19T20:24:24Z,284,88,2024-08-25T20:59:38Z,JavaScript,0.97
OpenAPI-Specification,2014-03-03T16:53:36Z,1082,10,2024-08-25T20:55:42Z,Markdown,0.92
remix,2020-10-26T19:57:28Z,3228,146,2024-08-25T19:21:49Z,TypeScript,0.9
go-zero,2020-08-07T15:37:57Z,2022,111,2024-08-25T15:01:08Z,Go,0.85
swift-algorithm-club,2016-01-26T17:56:12Z,608,0,2024-08-25T17:39:02Z,Swift,0.86
Awesome,2016-05-30T17:27:35Z,206,0,2024-08-25T15:02:17Z,,0.57
algo,2016-05-15T03:42:48Z,530,2,2024-08-25T16:37:24Z,Jinja,0.9
todomvc,2011-06-03T19:56:33Z,758,6,2024-08-25T14:21:43Z,JavaScript,0.84
ToolJet,2021-03-30T08:51:34Z,4958,234,2024-08-25T18:28:12Z,JavaScript,0.82
fabric.js,2010-06-09T22:24:38Z,2184,150,2024-08-25T14:30:43Z,JavaScript,0.94
awesome-python-cn,2015-11-03T09:50:50Z,51,0,2024-08-25T14:12:50Z,Makefile,0.58
influxdb,2013-09-26T14:31:10Z,9909,86,2024-08-25T20:08:45Z,Rust,0.86
composer,2011-06-08T08:53:00Z,2817,201,2024-08-25T10:51:10Z,PHP,0.98
postcss,2013-09-24T23:06:48Z,732,253,2024-08-25T19:18:51Z,TypeScript,0.98
vuex,2015-07-16T04:21:26Z,655,51,2024-08-25T20:51:02Z,JavaScript,0.92
spotube,2021-02-14T03:17:58Z,214,33,2024-08-25T20:55:48Z,Dart,0.68
YesPlayMusic,2020-10-09T10:04:21Z,278,30,2024-08-25T18:17:10Z,Vue,0.67
Mr.-Ranedeer-AI-Tutor,2023-03-31T12:37:26Z,19,3,2024-08-25T16:03:16Z,,0.72
linkedin-skill-assessments-quizzes,2019-07-13T19:52:56Z,5594,1,2024-08-25T20:53:22Z,,0.9
slick,2014-03-24T02:10:05Z,247,48,2024-08-25T16:03:55Z,JavaScript,0.67
aseprite,2014-08-19T23:44:50Z,267,104,2024-08-25T20:08:51Z,C++,0.59
cheerio,2011-10-09T04:23:20Z,2320,58,2024-08-25T18:07:15Z,TypeScript,0.98
RevokeMsgPatcher,2019-07-21T15:12:52Z,10,18,2024-08-25T20:38:52Z,C#,0.93
android_guides,2013-06-19T10:24:45Z,10,0,2024-08-25T17:00:45Z,,0.58
weekly,2017-03-20T06:10:04Z,136,193,2024-08-25T16:01:28Z,JavaScript,1.0
canal,2013-01-13T10:59:52Z,452,30,2024-08-25T14:02:36Z,Java,0.77
CyberChef,2016-11-28T10:34:07Z,449,446,2024-08-25T20:34:58Z,JavaScript,0.62
tqdm,2015-06-03T13:13:14Z,284,128,2024-08-25T20:50:50Z,Python,0.59
kafka,2011-08-15T18:06:16Z,9028,0,2024-08-25T19:04:47Z,Java,0
coolify,2021-01-25T20:54:01Z,891,517,2024-08-25T20:55:34Z,PHP,0.83
consul,2013-11-04T22:15:27Z,13215,178,2024-08-25T13:29:26Z,Go,0.78
SpringAll,2018-05-02T02:48:44Z,1,0,2024-08-25T15:33:07Z,Java,0.57
lighthouse,2016-03-08T01:03:11Z,5248,112,2024-08-25T18:42:43Z,JavaScript,0.94
async,2010-06-01T21:01:30Z,536,7,2024-08-25T16:50:58Z,JavaScript,0.99
rocksdb,2012-11-30T06:16:18Z,602,193,2024-08-25T19:06:50Z,C++,0.8
rufus,2011-11-19T19:12:05Z,1,80,2024-08-25T21:11:26Z,C,1.0
python-guide,2011-03-15T03:24:20Z,683,0,2024-08-25T19:59:45Z,Batchfile,0.64
GPTs,2023-11-11T03:24:16Z,43,0,2024-08-25T10:35:31Z,,0.8
backbone,2010-09-30T19:41:28Z,879,0,2024-08-25T19:51:45Z,JavaScript,0.98
OpenVoice,2023-11-29T12:17:01Z,17,0,2024-08-25T18:38:51Z,Python,0.22
django-rest-framework,2011-03-02T17:13:56Z,2956,18,2024-08-25T15:52:59Z,Python,0.99
css-protips,2015-08-29T12:29:03Z,67,0,2024-08-25T19:57:59Z,,0.98
editor.js,2015-11-28T20:56:35Z,835,88,2024-08-25T15:18:33Z,TypeScript,0.61
machine-learning-for-software-engineers,2016-10-09T21:20:25Z,60,0,2024-08-25T14:13:42Z,,0.36
ChatGPT,2022-12-03T14:35:24Z,294,277,2024-08-25T20:45:39Z,Python,0.99
chatbot-ui,2023-03-11T14:53:14Z,281,0,2024-08-25T20:00:42Z,TypeScript,0.85
react-spring,2018-03-07T15:39:32Z,416,49,2024-08-25T18:38:18Z,TypeScript,0.92
folly,2012-06-01T20:49:04Z,9,202,2024-08-25T16:28:42Z,C++,0.73
druid,2011-11-03T05:12:51Z,1346,51,2024-08-25T14:59:06Z,Java,0.52
pytorch-lightning,2019-03-31T00:45:57Z,8734,160,2024-08-25T19:41:16Z,Python,0.9
freqtrade,2017-05-17T23:48:53Z,5184,87,2024-08-25T20:43:35Z,Python,0.99
alpine,2019-11-28T13:51:55Z,644,129,2024-08-25T20:36:45Z,HTML,1.0
the-super-tiny-compiler,2016-03-11T04:19:18Z,20,0,2024-08-25T19:47:34Z,JavaScript,0
HEU_KMS_Activator,2019-06-23T00:49:35Z,0,36,2024-08-25T15:02:35Z,,0.13
spring-cloud-alibaba,2017-12-01T20:49:15Z,1035,42,2024-08-25T17:59:51Z,Java,0.87
ultralytics,2022-09-11T16:39:45Z,2072,56,2024-08-25T20:17:47Z,Python,0.93
legado,2019-05-22T04:18:58Z,978,115,2024-08-25T20:27:00Z,Kotlin,0.98
mpv,2012-10-13T08:08:44Z,2704,85,2024-08-25T20:51:28Z,C,0.92
llvm-project,2016-12-07T09:39:33Z,23654,112,2024-08-25T21:04:49Z,LLVM,0.7
servo,2012-02-08T19:07:25Z,16918,0,2024-08-25T19:10:18Z,Rust,0.76
handson-ml2,2019-01-08T03:49:07Z,64,0,2024-08-25T16:45:49Z,Jupyter Notebook,0.59
Data-Science-For-Beginners,2021-03-03T16:30:15Z,293,0,2024-08-25T19:59:58Z,Jupyter Notebook,0.83
nginxconfig.io,2018-01-05T14:21:14Z,185,0,2024-08-25T20:22:28Z,JavaScript,0.77
Clone-Wars,2020-12-02T11:10:16Z,130,0,2024-08-25T20:08:04Z,,0.88
react-select,2014-08-26T04:27:45Z,1040,54,2024-08-25T14:06:59Z,TypeScript,0.9
Charts,2015-03-20T10:49:12Z,418,38,2024-08-25T17:10:02Z,Swift,0.8
Real-ESRGAN,2021-07-19T03:23:30Z,21,10,2024-08-25T18:16:56Z,Python,0.25
JavaScript30,2016-12-07T19:15:31Z,152,0,2024-08-25T21:12:09Z,HTML,0
croc,2017-10-17T15:20:18Z,208,164,2024-08-25T19:07:16Z,Go,0.99
immer,2017-12-29T12:25:47Z,373,109,2024-08-25T19:25:57Z,JavaScript,0.96
mobx,2015-03-14T14:31:38Z,1113,103,2024-08-25T05:32:24Z,TypeScript,0.98
CheatSheetSeries,2018-12-21T14:26:43Z,908,0,2024-08-25T13:17:13Z,Python,0.91
numpy,2010-09-13T23:02:39Z,11800,116,2024-08-25T20:52:50Z,Python,0.85
waifu2x,2015-05-17T07:29:15Z,68,3,2024-08-24T22:46:53Z,Lua,0.58
k3s,2018-05-31T01:37:46Z,3391,766,2024-08-25T20:04:03Z,Go,0.98
Daily-Interview-Question,2019-01-19T10:49:00Z,15,0,2024-08-25T17:24:56Z,JavaScript,0.53
backstage,2020-01-24T22:39:49Z,15992,358,2024-08-25T15:45:02Z,TypeScript,0.93
docsify,2016-11-20T07:55:43Z,668,14,2024-08-25T07:59:27Z,JavaScript,0.89
yapi,2016-05-30T09:09:09Z,141,1,2024-08-24T09:54:03Z,JavaScript,0.38
underscore,2009-10-25T18:31:06Z,745,0,2024-08-25T20:33:17Z,JavaScript,0.98
comprehensive-rust,2022-12-21T15:17:24Z,1735,0,2024-08-25T21:07:18Z,Rust,0.64
xxl-job,2015-11-28T12:59:34Z,98,33,2024-08-25T18:08:10Z,Java,0.59
vhr,2018-01-04T08:57:51Z,1,0,2024-08-25T10:30:17Z,Java,0.38
LLM101n,2024-05-27T00:23:38Z,0,0,2024-08-25T20:52:04Z,,0
netron,2010-12-26T12:53:43Z,1,2,2024-08-25T21:14:08Z,JavaScript,0.98
MonitorControl,2017-09-16T21:13:40Z,207,24,2024-08-25T18:26:56Z,Swift,0.97
weui,2014-12-18T04:09:54Z,199,48,2024-08-25T19:50:57Z,Less,0.93
applied-ml,2020-07-04T18:57:47Z,208,0,2024-08-25T16:21:08Z,,0.92
ResumeSample,2014-09-08T08:08:13Z,2,0,2024-08-25T12:54:53Z,,0
JCSprout,2017-12-17T09:06:50Z,69,0,2024-08-25T15:32:43Z,Java,0.66
Complete-Python-3-Bootcamp,2018-02-12T19:30:10Z,12,0,2024-08-25T19:01:29Z,Jupyter Notebook,0.63
plane,2022-11-19T12:55:01Z,4108,35,2024-08-25T20:00:04Z,TypeScript,0.62
data-science-ipython-notebooks,2015-01-23T19:38:29Z,31,0,2024-08-25T20:00:13Z,Python,0.54
refine,2021-01-20T12:01:32Z,4106,1000,2024-08-25T20:05:31Z,TypeScript,0.98
legacy-homebrew,2009-05-20T19:38:37Z,222,0,2024-08-24T20:33:36Z,,1.0
react-three-fiber,2019-02-25T14:31:51Z,596,104,2024-08-25T15:23:52Z,TypeScript,0.94
directus,2012-12-12T01:35:36Z,7339,311,2024-08-25T19:21:12Z,TypeScript,0.94
reverse-interview,2019-09-08T13:38:40Z,72,0,2024-08-25T18:24:17Z,,0.72
os-tutorial,2014-09-29T08:39:34Z,11,0,2024-08-25T20:15:44Z,C,0.59
gitbook,2014-03-31T03:01:56Z,358,11,2024-08-25T16:56:28Z,TypeScript,0.99
outline,2016-05-22T21:31:47Z,2310,133,2024-08-25T19:44:59Z,TypeScript,0.97
mongoose,2010-04-06T21:39:05Z,3032,144,2024-08-25T19:15:24Z,JavaScript,0.98
xstate,2015-09-14T15:04:15Z,1868,359,2024-08-25T20:39:26Z,TypeScript,0.94
Faker,2011-10-14T22:49:02Z,823,12,2024-08-25T20:10:38Z,PHP,0.87
python-fire,2017-02-21T21:35:07Z,89,10,2024-08-25T15:31:19Z,Python,0.61
codemirror5,2011-01-14T13:44:03Z,592,172,2024-08-25T20:12:37Z,JavaScript,0.9
roop,2023-05-28T14:37:54Z,82,6,2024-08-25T21:15:06Z,Python,0
angular-cli,2015-06-04T19:49:37Z,10204,735,2024-08-25T20:09:43Z,TypeScript,0.98
hangzhou_house_knowledge,2018-02-24T01:54:18Z,6,0,2024-08-25T17:57:38Z,CSS,0.32
helm,2015-10-06T01:07:32Z,3642,195,2024-08-25T13:12:10Z,Go,0.96
qBittorrent,2012-02-04T09:37:46Z,3467,0,2024-08-25T16:46:51Z,C++,0.82
viper,2014-04-02T14:33:33Z,454,32,2024-08-25T16:08:58Z,Go,0.54
rethinkdb,2012-10-30T05:37:47Z,460,72,2024-08-25T20:58:46Z,C++,0.79
trilium,2017-05-23T00:30:20Z,250,297,2024-08-25T19:41:37Z,JavaScript,0.75
Probabilistic-Programming-and-Bayesian-Methods-for-Hackers,2013-01-14T15:46:28Z,243,0,2024-08-24T06:37:10Z,Jupyter Notebook,0.37
lux,2018-02-24T11:29:03Z,295,86,2024-08-25T19:09:14Z,Go,0.52
ace,2010-10-27T10:43:36Z,1799,85,2024-08-25T19:14:06Z,JavaScript,0.97
mediapipe,2019-06-13T19:16:41Z,184,55,2024-08-25T20:32:46Z,C++,0.94
gitflow,2010-01-20T23:14:12Z,36,0,2024-08-25T20:19:00Z,Shell,0.35
dokku,2013-06-08T10:26:57Z,3612,278,2024-08-25T11:58:57Z,Shell,0.98
DevToys,2021-09-29T01:40:41Z,480,35,2024-08-25T14:07:15Z,C#,0.78
Python-programming-exercises,2012-06-14T07:56:46Z,0,0,2024-08-25T15:56:42Z,,0.21
surrealdb,2021-12-09T15:03:29Z,1302,49,2024-08-25T17:31:49Z,Rust,0.61
commander.js,2011-08-14T21:33:58Z,742,79,2024-08-25T17:30:10Z,JavaScript,0.99
server,2016-06-02T07:44:14Z,23569,257,2024-08-25T19:14:36Z,PHP,0.87
kit,2015-02-03T00:01:19Z,479,13,2024-08-25T08:00:21Z,Go,0.93
ruoyi-vue-pro,2021-01-24T03:18:25Z,50,28,2024-08-25T15:35:12Z,Java,0.98
aos,2015-07-09T17:49:00Z,38,0,2024-08-25T20:23:52Z,JavaScript,0.52
hosts,2012-04-12T20:22:50Z,470,667,2024-08-25T20:33:13Z,Python,0.96
tiptap,2018-08-20T19:58:58Z,863,829,2024-08-25T14:50:14Z,TypeScript,0.83
90DaysOfDevOps,2021-12-26T13:55:18Z,356,2,2024-08-25T19:07:00Z,Shell,0.92
ink,2017-06-12T06:12:28Z,206,52,2024-08-25T14:24:58Z,TypeScript,0.83
bulletproof-react,2021-05-30T14:47:16Z,58,0,2024-08-25T16:41:32Z,TypeScript,0.73
k9s,2019-01-25T18:46:02Z,633,225,2024-08-25T21:16:17Z,Go,0.73
plyr,2015-02-14T11:33:07Z,384,88,2024-08-25T20:57:06Z,JavaScript,0.58
swagger-ui,2011-07-15T22:56:39Z,3152,346,2024-08-25T14:58:38Z,JavaScript,0.8
Detectron,2017-10-05T17:32:00Z,0,0,2024-08-25T18:01:14Z,Python,0.67
bubbletea,2020-01-10T21:04:03Z,464,40,2024-08-25T21:04:48Z,Go,0.81
tokio,2016-09-09T22:31:36Z,3298,121,2024-08-25T19:14:06Z,Rust,0.88
dnSpy,2015-07-01T16:05:10Z,53,1,2024-08-25T18:34:47Z,C#,0
react-virtualized,2015-11-03T00:48:07Z,453,5,2024-08-25T14:20:26Z,JavaScript,0.69
nodemon,2010-10-03T12:50:52Z,306,97,2024-08-25T08:33:29Z,JavaScript,1.0
coder2gwy,2020-12-30T14:40:50Z,2,0,2024-08-25T15:40:07Z,,0.19
tuning_playbook,2023-01-18T23:32:32Z,14,0,2024-08-25T16:23:10Z,,0.85
stb,2014-05-25T16:51:23Z,283,0,2024-08-25T20:53:50Z,C,0.83
miaosha,2018-09-14T04:36:24Z,20,0,2024-08-24T23:16:47Z,Java,0.99
glances,2011-12-04T08:49:15Z,684,43,2024-08-25T20:45:02Z,Python,0.9
vagrant,2010-01-21T08:34:27Z,2694,122,2024-08-25T14:02:11Z,Ruby,0.93
UTM,2019-04-12T16:09:24Z,237,113,2024-08-25T21:13:53Z,Swift,0.75
mindsdb,2018-08-02T17:56:45Z,4296,240,2024-08-25T18:47:10Z,Python,0.97
fastai,2017-09-09T17:43:36Z,1680,53,2024-08-25T20:17:17Z,Jupyter Notebook,0.89
nprogress,2013-08-20T13:58:02Z,34,7,2024-08-25T14:57:56Z,JavaScript,0.34
the_silver_searcher,2011-11-19T19:50:47Z,399,0,2024-08-25T07:23:43Z,C,0.49
xgboost,2014-02-06T17:28:03Z,4377,59,2024-08-25T13:53:24Z,C++,0.93
Tvlist-awesome-m3u-m3u8,2017-02-18T03:59:25Z,1,0,2024-08-25T16:15:13Z,,0.7
Web,2017-01-03T11:44:33Z,0,0,2024-08-25T16:56:43Z,,0.74
mongo,2009-01-15T16:15:18Z,125,0,2024-08-25T18:14:14Z,C++,0
tinygrad,2020-10-18T16:23:12Z,3960,8,2024-08-25T20:51:22Z,Python,0.86
mantine,2021-01-07T14:02:19Z,1245,232,2024-08-25T21:14:21Z,TypeScript,0.99
select2,2012-03-04T18:43:12Z,711,29,2024-08-25T11:40:51Z,JavaScript,0.98
turborepo,2021-10-05T17:37:11Z,5169,390,2024-08-25T14:11:00Z,Rust,0.92
redash,2013-10-28T13:19:39Z,3170,98,2024-08-25T20:00:38Z,Python,0.77
fetch,2014-10-13T00:26:19Z,197,56,2024-08-25T18:52:14Z,JavaScript,0.99
fastText,2016-07-16T13:38:42Z,12,4,2024-08-25T20:32:41Z,HTML,0.57
paper-reading,2021-10-22T06:34:51Z,13,0,2024-08-25T16:05:44Z,,0
cmder,2013-07-09T07:44:22Z,427,34,2024-08-25T18:38:20Z,C++,0.98
hacker-laws,2018-01-25T03:46:34Z,174,1,2024-08-25T04:34:10Z,Shell,0.34
llama3,2024-03-15T17:57:00Z,24,0,2024-08-25T19:33:12Z,Python,0.42
Depix,2020-12-06T12:39:08Z,14,0,2024-08-25T19:43:47Z,Python,0
langflow,2023-02-08T22:28:03Z,1767,239,2024-08-25T20:51:12Z,JavaScript,0.91
python-telegram-bot,2015-07-07T15:30:39Z,1426,115,2024-08-25T20:00:42Z,Python,0.99
fastjson,2011-11-03T06:58:52Z,418,84,2024-08-25T13:05:25Z,Java,0.47
request,2011-01-23T01:25:14Z,650,0,2024-08-25T19:25:03Z,JavaScript,0.96
quasar,2015-10-05T15:45:36Z,3591,921,2024-08-25T09:48:34Z,JavaScript,0.94
lossless-cut,2016-10-30T10:49:56Z,177,97,2024-08-25T21:16:12Z,TypeScript,0.88
darknet,2014-04-11T07:59:16Z,10,0,2024-08-25T19:10:14Z,C,0.24
DeepFaceLive,2020-12-15T12:19:22Z,13,35,2024-08-25T19:21:04Z,Python,0.99
Modernizr,2009-09-25T20:13:23Z,806,27,2024-08-25T19:40:19Z,JavaScript,0.89
awesome-electron,2015-04-23T11:48:53Z,268,0,2024-08-25T17:55:23Z,,0.98
lottie-ios,2016-10-06T22:38:38Z,708,68,2024-08-25T14:10:39Z,Swift,0.99
full-stack-fastapi-template,2019-02-23T15:08:34Z,307,8,2024-08-25T19:59:25Z,TypeScript,0.6
fonts,2012-12-19T13:31:50Z,75,1,2024-08-25T15:25:43Z,Shell,0.38
butterknife,2013-03-05T08:18:59Z,346,0,2024-08-25T16:13:52Z,Java,0.91
emscripten,2011-02-12T05:23:30Z,10791,0,2024-08-25T11:14:02Z,C++,0.81
awesome-cto,2016-12-16T19:22:18Z,12,0,2024-08-25T18:57:49Z,,0.8
spleeter,2019-09-26T15:40:46Z,49,2,2024-08-25T20:23:25Z,Python,0.73
tdesktop,2014-05-02T12:36:31Z,1555,727,2024-08-25T17:03:41Z,C++,0.94
restic,2014-04-27T14:07:58Z,2006,44,2024-08-25T20:51:48Z,Go,0.86
headlessui,2020-09-16T09:53:09Z,569,110,2024-08-25T20:10:25Z,TypeScript,0.96
fish-shell,2012-05-10T03:00:55Z,1866,44,2024-08-25T21:14:41Z,Rust,0.94
Rectangle,2019-06-21T21:34:53Z,237,85,2024-08-25T09:51:34Z,Swift,0.87
filebrowser,2015-09-11T21:21:58Z,497,58,2024-08-25T20:13:26Z,Go,0.97
vllm,2023-02-09T11:23:20Z,2370,34,2024-08-25T20:37:02Z,Python,0.65
YouCompleteMe,2012-04-16T03:12:14Z,785,0,2024-08-25T09:52:39Z,Python,0.99
ItChat,2016-01-19T07:49:48Z,29,13,2024-08-25T16:28:27Z,Python,0.69
cascadia-code,2019-07-10T22:50:20Z,82,18,2024-08-25T07:18:06Z,Python,0.8
awesome-deep-learning-papers,2016-06-03T06:48:30Z,39,0,2024-08-25T08:48:04Z,TeX,0.42
Signal-Android,2011-12-15T20:01:12Z,238,22,2024-08-25T19:14:45Z,Java,0.96
Free-Certifications,2020-07-31T10:26:19Z,106,0,2024-08-25T21:05:21Z,,0.76
taichi,2016-11-24T10:00:05Z,5149,116,2024-08-25T20:17:09Z,C++,0.7
modern-js-cheatsheet,2017-09-18T14:56:00Z,84,0,2024-08-25T14:49:21Z,,0.82
Pake,2022-10-14T09:32:57Z,90,28,2024-08-25T19:18:05Z,Rust,0.92
toBeTopJavaer,2018-10-25T09:54:54Z,52,0,2024-08-25T11:42:46Z,Java,0.55
MiniGPT-4,2023-04-15T22:17:09Z,19,0,2024-08-25T17:00:14Z,Python,0.27
openssl,2013-01-15T22:34:48Z,135,31,2024-08-25T14:07:22Z,C,0.82
discord.js,2015-08-10T13:36:26Z,4470,233,2024-08-25T14:36:52Z,TypeScript,0.98
Hello-Python,2022-08-03T17:14:53Z,0,0,2024-08-25T19:35:16Z,Python,0.69
ngx-admin,2016-05-25T10:09:03Z,343,19,2024-08-25T02:57:22Z,TypeScript,0.76
incubator-seata,2018-12-28T08:37:22Z,2189,40,2024-08-25T19:19:46Z,Java,0.8
so-vits-svc,2023-03-10T09:31:09Z,153,0,2024-08-25T08:59:14Z,Python,0.84
fe-interview,2019-04-17T03:05:58Z,8,2,2024-08-25T20:49:17Z,JavaScript,0.0
rollup,2015-05-14T22:26:28Z,1960,477,2024-08-25T10:55:38Z,JavaScript,0.84
handson-ml,2016-02-16T19:48:39Z,56,0,2024-08-25T11:50:07Z,Jupyter Notebook,0.78
srs,2015-04-29T06:59:32Z,451,65,2024-08-25T13:49:26Z,C++,0.89
iris,2016-01-30T04:36:48Z,391,22,2024-08-25T16:03:50Z,Go,0.89
dragonfly,2021-12-11T10:00:42Z,2127,69,2024-08-25T20:51:10Z,C++,0.88
LLMs-from-scratch,2023-07-23T18:15:57Z,188,0,2024-08-25T20:47:18Z,Jupyter Notebook,1.0
30-Days-Of-React,2020-09-29T13:38:54Z,10,0,2024-08-25T20:41:39Z,JavaScript,0.24
SDWebImage,2009-09-21T17:39:19Z,934,150,2024-08-24T05:34:33Z,Objective-C,0.97
Avalonia,2013-12-05T20:13:21Z,4850,87,2024-08-25T20:48:40Z,C#,0.8
DeepSpeech,2016-06-02T15:04:53Z,1338,105,2024-08-25T16:49:02Z,C++,0.94
firecracker,2017-10-19T06:18:47Z,2688,71,2024-08-25T18:12:44Z,Rust,0.95
proxyee-down,2017-10-25T10:07:27Z,16,49,2024-08-25T13:56:10Z,Java,0
jumpserver,2014-07-04T03:54:59Z,6553,228,2024-08-25T17:47:29Z,Python,1.0
apollo,2017-07-04T19:03:31Z,9726,12,2024-08-25T14:05:02Z,C++,0.82
faas,2016-12-22T12:51:39Z,679,11,2024-08-25T15:36:14Z,Go,0.96
react-native-elements,2016-09-08T14:21:41Z,1209,85,2024-08-25T12:48:18Z,MDX,0.95
ChatDev,2023-08-28T02:18:13Z,100,7,2024-08-25T21:13:34Z,Shell,0.91
go-patterns,2015-12-14T22:05:06Z,10,0,2024-08-25T11:16:29Z,Go,0.43
SmartRefreshLayout,2017-06-02T09:52:50Z,12,12,2024-08-25T16:18:24Z,Java,0.78
textual,2021-04-08T15:24:47Z,1799,136,2024-08-25T21:01:29Z,Python,0.94
nsq,2012-05-12T14:37:08Z,673,31,2024-08-25T15:23:21Z,Go,0.91
setup-ipsec-vpn,2016-01-07T16:44:12Z,44,0,2024-08-25T20:01:53Z,Shell,1.0
diffusers,2022-05-30T16:04:02Z,3682,75,2024-08-25T18:58:56Z,Python,0.88
nylas-mail,2014-10-16T18:29:12Z,139,53,2024-08-25T12:37:38Z,JavaScript,0.71
go,2013-08-14T08:33:55Z,48,0,2024-08-25T12:44:15Z,,0.84
eslint,2013-06-29T23:59:48Z,6120,328,2024-08-25T21:05:02Z,JavaScript,0.99
pipenv,2017-01-20T00:44:02Z,1530,102,2024-08-25T20:01:06Z,Python,0.94
feather,2014-05-28T19:49:55Z,113,53,2024-08-25T18:31:13Z,JavaScript,0.39
awesome-vscode,2016-02-07T23:02:45Z,243,0,2024-08-25T17:30:42Z,JavaScript,0.53
table,2016-10-20T17:25:08Z,917,263,2024-08-25T17:10:00Z,TypeScript,0.94
k6,2016-03-21T15:30:24Z,1725,62,2024-08-25T21:04:50Z,Go,0.8
awesome-swift,2014-07-10T14:04:09Z,1436,0,2024-08-25T13:07:09Z,Ruby,0.99
localForage,2013-10-31T00:10:06Z,269,26,2024-08-25T19:08:06Z,JavaScript,0.71
vscodium,2018-08-13T14:26:58Z,434,191,2024-08-25T19:27:46Z,Shell,0.92
TrackersListCollection,2019-10-03T15:55:07Z,5,0,2024-08-25T17:05:59Z,,0
react-admin,2016-07-13T07:58:54Z,4752,357,2024-08-25T21:00:12Z,TypeScript,0.98
EventBus,2012-07-16T16:55:40Z,31,7,2024-08-25T16:58:17Z,Java,0.83
openzeppelin-contracts,2016-08-01T20:54:54Z,2156,88,2024-08-25T11:21:00Z,JavaScript,0.89
micro,2016-03-11T02:06:28Z,739,36,2024-08-25T19:52:43Z,Go,0.65
awesome-actions,2018-10-17T17:53:45Z,439,0,2024-08-25T07:03:28Z,,0.63
create-t3-app,2022-05-24T13:31:01Z,1065,133,2024-08-25T20:46:25Z,TypeScript,0.95
rust-course,2018-08-07T05:01:21Z,710,0,2024-08-25T16:42:35Z,Rust,0.73
docker_practice,2014-09-05T04:06:39Z,261,15,2024-08-25T12:00:17Z,Go,0.98
devtools,2014-09-29T03:52:07Z,284,89,2024-08-25T18:06:49Z,TypeScript,0.71
idiomatic.js,2011-05-25T17:48:59Z,114,0,2024-08-25T20:00:55Z,,0.58
iTerm2-Color-Schemes,2011-04-01T04:01:46Z,303,0,2024-08-25T09:04:07Z,Shell,0.79
eShopOnContainers,2016-10-05T22:35:23Z,538,11,2024-08-25T18:46:17Z,C#,0.96
awesome-datascience,2014-07-05T07:07:43Z,348,9,2024-08-25T20:39:03Z,,0.98
envoy,2016-08-08T15:07:24Z,19801,171,2024-08-25T20:10:14Z,C++,0.87
CasaOS,2021-09-26T02:33:09Z,255,92,2024-08-25T21:05:21Z,Go,0.63
autocomplete,2020-09-29T02:21:06Z,1515,1000,2024-08-25T20:08:51Z,TypeScript,0.74
Mask_RCNN,2017-10-19T20:28:34Z,65,3,2024-08-25T18:46:20Z,Python,0.31
logrus,2013-10-16T19:08:55Z,404,19,2024-08-25T18:46:29Z,Go,1.0
locust,2011-02-17T11:08:03Z,875,121,2024-08-25T20:25:41Z,Python,0.99
flameshot,2017-05-10T19:44:51Z,821,25,2024-08-25T18:38:12Z,C++,0.74
fyne,2018-02-04T22:07:16Z,1712,46,2024-08-25T19:49:33Z,Go,0.77
bruno,2022-09-27T20:51:45Z,605,102,2024-08-25T21:16:27Z,JavaScript,0.49
CLIP,2020-12-16T11:24:42Z,28,0,2024-08-25T19:51:53Z,Jupyter Notebook,0.48
vnpy,2015-03-02T03:36:58Z,1035,60,2024-08-25T19:55:08Z,Python,1.0
Telegram,2013-10-25T14:08:10Z,20,93,2024-08-25T18:57:55Z,Java,0
RxSwift,2015-04-07T21:25:17Z,790,74,2024-08-25T20:35:09Z,Swift,0.99
stats,2019-05-29T19:24:56Z,368,259,2024-08-25T20:43:57Z,Swift,0.99
celery,2009-04-24T11:31:24Z,2385,50,2024-08-25T18:04:02Z,Python,0.87
core-js,2013-07-17T16:32:27Z,258,243,2024-08-25T16:54:38Z,JavaScript,0.97
wttr.in,2015-12-26T21:03:43Z,271,0,2024-08-25T20:52:58Z,Python,0.55
medusa,2020-01-18T13:39:04Z,4987,80,2024-08-25T20:05:33Z,TypeScript,0.86
Wox,2013-12-19T15:49:32Z,308,39,2024-08-25T18:31:09Z,Go,0.95
awesome-sysadmin,2014-12-23T08:41:22Z,317,0,2024-08-25T17:16:38Z,,0.89
components,2016-01-04T18:50:02Z,12017,496,2024-08-25T20:11:07Z,TypeScript,0.87
pkg,2016-08-08T19:41:59Z,176,41,2024-08-24T17:48:37Z,JavaScript,1.0
BaseRecyclerViewAdapterHelper,2016-04-10T07:40:11Z,191,209,2024-08-24T05:46:53Z,Kotlin,0.89
coc.nvim,2018-05-01T22:39:02Z,818,82,2024-08-25T14:48:36Z,TypeScript,0.99
data-engineering-zoomcamp,2021-10-21T09:32:50Z,291,0,2024-08-25T18:54:45Z,Jupyter Notebook,0.99
AdGuardHome,2016-07-06T10:31:47Z,118,184,2024-08-25T21:17:31Z,Go,0.83
vapor,2016-01-18T22:37:52Z,1218,561,2024-08-25T17:46:41Z,Swift,0.95
wiki,2016-08-16T19:35:26Z,370,118,2024-08-25T20:24:56Z,Vue,0.98
nanoid,2017-08-05T05:24:35Z,187,3,2024-08-25T20:33:06Z,JavaScript,0.97
Umi-OCR,2022-03-28T04:01:46Z,39,29,2024-08-25T15:38:58Z,Python,0.83
elixir,2011-01-09T08:43:57Z,6974,152,2024-08-25T20:52:50Z,Elixir,1.0
